mq2_ppm,mq7_ppm,mq135_ppm,mq303_ppm,mq136_ppm,temperature_c,humidity_pct,gas_class,notes
33.03,93.28,9.83,0.003281,0.231326,27.67,64.05,CO,Simulated literature-based profile
27.36,83.78,12.54,0.004503,0.281264,27.94,69.68,CO,Simulated literature-based profile
30.02,97.18,13.86,0.006657,0.253521,29.93,60.85,CO,Simulated literature-based profile
37.86,74.28,11.65,0.004072,0.323271,28.84,66.17,CO,Simulated literature-based profile
25.81,97.23,11.14,0.006682,0.351877,28.01,66.58,CO,Simulated literature-based profile
28.73,80.91,12.75,0.004293,0.213982,29.3,60.11,CO,Simulated literature-based profile
28.14,71.67,13.48,0.005635,0.310111,27.23,68.82,CO,Simulated literature-based profile
25.84,79.53,10.37,0.003141,0.385296,28.41,63.04,CO,Simulated literature-based profile
37.66,92.39,12.9,0.00519,0.257592,28.62,65.93,CO,Simulated literature-based profile
26.18,97.37,8.09,0.00423,0.364888,28.25,60.71,CO,Simulated literature-based profile
33.14,74.07,11.31,0.005705,0.225135,28.91,67.45,CO,Simulated literature-based profile
28.88,90.0,11.01,0.0063,0.392872,27.68,67.55,CO,Simulated literature-based profile
37.98,99.24,14.45,0.006655,0.232279,28.93,60.98,CO,Simulated literature-based profile
32.82,97.63,10.24,0.003844,0.204193,29.0,62.22,CO,Simulated literature-based profile
25.3,86.52,8.53,0.004106,0.309635,29.27,67.2,CO,Simulated literature-based profile
29.13,83.21,11.74,0.004105,0.229212,28.92,68.5,CO,Simulated literature-based profile
38.43,70.5,9.18,0.003779,0.275513,27.94,61.55,CO,Simulated literature-based profile
26.98,85.4,12.27,0.005443,0.256191,28.26,63.5,CO,Simulated literature-based profile
36.49,88.78,9.08,0.003209,0.389532,28.95,63.42,CO,Simulated literature-based profile
36.45,97.25,14.28,0.005308,0.217043,28.69,66.99,CO,Simulated literature-based profile
27.95,70.92,12.15,0.005813,0.362772,27.01,60.52,CO,Simulated literature-based profile
33.81,79.12,9.83,0.003642,0.289262,28.86,63.1,CO,Simulated literature-based profile
26.93,95.63,9.97,0.00313,0.340866,28.62,61.54,CO,Simulated literature-based profile
28.12,88.09,12.11,0.005607,0.367041,27.97,69.5,CO,Simulated literature-based profile
38.49,72.37,13.11,0.003748,0.320101,27.49,64.84,CO,Simulated literature-based profile
26.28,75.96,8.09,0.005855,0.325546,29.12,70.0,CO,Simulated literature-based profile
33.19,93.77,13.05,0.00457,0.297384,27.9,60.29,CO,Simulated literature-based profile
39.59,92.96,11.6,0.006267,0.388421,29.36,67.29,CO,Simulated literature-based profile
31.68,70.95,13.23,0.003397,0.219548,29.35,62.11,CO,Simulated literature-based profile
26.99,97.47,10.59,0.005511,0.239568,27.43,64.06,CO,Simulated literature-based profile
192.65,10.96,7.56,0.004487,0.288484,26.02,59.5,LPG,Simulated literature-based profile
211.92,8.96,9.13,0.004819,0.285468,26.58,63.62,LPG,Simulated literature-based profile
243.63,11.25,8.96,0.003457,0.274953,28.16,62.12,LPG,Simulated literature-based profile
184.11,9.94,9.37,0.003585,0.184945,27.93,65.3,LPG,Simulated literature-based profile
243.73,10.95,9.49,0.003961,0.172371,27.26,66.22,LPG,Simulated literature-based profile
158.12,8.83,7.61,0.003973,0.143505,28.75,66.82,LPG,Simulated literature-based profile
151.31,9.22,9.54,0.004945,0.20424,27.74,65.49,LPG,Simulated literature-based profile
223.35,10.95,7.42,0.004486,0.104023,28.35,67.45,LPG,Simulated literature-based profile
185.47,9.32,7.4,0.003057,0.159666,27.64,66.22,LPG,Simulated literature-based profile
162.87,8.03,7.29,0.004156,0.144518,28.35,61.13,LPG,Simulated literature-based profile
186.11,11.12,8.97,0.00344,0.26983,26.24,60.28,LPG,Simulated literature-based profile
170.04,11.03,9.65,0.00495,0.113176,26.69,59.81,LPG,Simulated literature-based profile
162.79,11.53,9.53,0.004709,0.132039,28.13,58.75,LPG,Simulated literature-based profile
169.82,10.26,9.86,0.004118,0.28464,27.85,63.3,LPG,Simulated literature-based profile
216.7,9.47,9.48,0.003202,0.287556,27.64,59.54,LPG,Simulated literature-based profile
234.34,9.96,6.25,0.004217,0.270287,27.58,65.83,LPG,Simulated literature-based profile
222.2,10.65,7.2,0.004931,0.167364,26.38,66.21,LPG,Simulated literature-based profile
158.63,8.15,7.09,0.004758,0.246824,26.22,66.82,LPG,Simulated literature-based profile
211.96,10.6,6.89,0.003045,0.208643,28.04,59.41,LPG,Simulated literature-based profile
203.91,10.12,8.01,0.003467,0.186927,27.88,61.41,LPG,Simulated literature-based profile
204.96,8.97,7.55,0.003601,0.280699,27.71,60.07,LPG,Simulated literature-based profile
234.28,8.21,8.9,0.003908,0.171931,29.0,65.96,LPG,Simulated literature-based profile
247.04,11.92,8.66,0.003803,0.122357,28.54,59.61,LPG,Simulated literature-based profile
242.13,8.59,6.2,0.003545,0.213954,28.0,62.57,LPG,Simulated literature-based profile
171.43,10.49,6.64,0.003101,0.240852,27.39,62.54,LPG,Simulated literature-based profile
219.78,9.74,8.88,0.004717,0.140878,28.6,58.33,LPG,Simulated literature-based profile
187.31,9.42,9.54,0.003882,0.173937,27.62,64.55,LPG,Simulated literature-based profile
239.7,10.34,7.54,0.00499,0.185886,28.65,63.87,LPG,Simulated literature-based profile
245.68,10.93,7.14,0.004074,0.232163,28.32,58.51,LPG,Simulated literature-based profile
247.99,10.21,8.84,0.003089,0.285617,28.2,60.67,LPG,Simulated literature-based profile
12.77,9.39,47.19,0.00611,0.347598,29.16,70.59,BENZENE,Simulated literature-based profile
13.83,7.5,46.94,0.006969,0.421979,30.51,68.95,BENZENE,Simulated literature-based profile
16.74,8.94,54.0,0.007222,0.492287,28.59,71.67,BENZENE,Simulated literature-based profile
17.04,6.38,38.15,0.005304,0.368717,30.16,68.01,BENZENE,Simulated literature-based profile
12.58,8.75,36.74,0.005479,0.357627,29.37,65.72,BENZENE,Simulated literature-based profile
15.9,7.9,40.44,0.00472,0.368757,29.22,66.67,BENZENE,Simulated literature-based profile
12.09,7.19,38.65,0.005992,0.308286,30.75,67.71,BENZENE,Simulated literature-based profile
15.49,7.62,49.91,0.007578,0.337537,28.19,71.8,BENZENE,Simulated literature-based profile
17.66,6.4,35.08,0.004036,0.45243,28.16,70.93,BENZENE,Simulated literature-based profile
12.48,6.13,43.28,0.006041,0.336891,30.85,69.71,BENZENE,Simulated literature-based profile
16.25,9.86,53.3,0.007753,0.418477,28.26,70.0,BENZENE,Simulated literature-based profile
17.82,6.69,39.83,0.005986,0.434948,30.17,66.96,BENZENE,Simulated literature-based profile
14.01,9.04,38.94,0.005351,0.304448,29.48,63.11,BENZENE,Simulated literature-based profile
15.19,8.47,54.48,0.005025,0.30513,30.0,62.31,BENZENE,Simulated literature-based profile
13.67,8.93,43.29,0.007258,0.449589,28.31,68.01,BENZENE,Simulated literature-based profile
17.13,9.53,40.44,0.007264,0.431245,29.01,65.91,BENZENE,Simulated literature-based profile
16.56,9.89,45.26,0.007881,0.40485,29.12,71.07,BENZENE,Simulated literature-based profile
13.51,8.1,46.96,0.005088,0.401755,30.92,69.05,BENZENE,Simulated literature-based profile
16.66,8.44,50.75,0.005294,0.481401,30.36,64.21,BENZENE,Simulated literature-based profile
16.43,8.98,41.18,0.006175,0.391842,29.61,62.24,BENZENE,Simulated literature-based profile
15.22,9.14,43.38,0.006833,0.333721,28.94,66.72,BENZENE,Simulated literature-based profile
15.8,7.15,35.48,0.005294,0.308822,29.3,67.77,BENZENE,Simulated literature-based profile
16.27,7.4,54.65,0.007586,0.475509,29.67,67.68,BENZENE,Simulated literature-based profile
15.19,7.89,50.68,0.007338,0.312203,29.6,65.59,BENZENE,Simulated literature-based profile
12.41,9.94,36.47,0.006907,0.453755,30.42,67.19,BENZENE,Simulated literature-based profile
17.16,8.54,52.42,0.004145,0.401863,29.82,67.34,BENZENE,Simulated literature-based profile
15.27,6.33,39.48,0.005343,0.499852,30.18,67.45,BENZENE,Simulated literature-based profile
17.73,8.42,54.51,0.005533,0.491268,30.28,71.19,BENZENE,Simulated literature-based profile
15.86,6.61,46.21,0.005059,0.38828,29.71,67.53,BENZENE,Simulated literature-based profile
12.26,8.77,51.64,0.004857,0.316276,29.87,66.69,BENZENE,Simulated literature-based profile
14.42,4.42,68.28,0.003239,0.339494,28.23,63.96,AMMONIA,Simulated literature-based profile
10.19,5.31,57.42,0.004841,0.326819,28.77,72.97,AMMONIA,Simulated literature-based profile
12.72,7.38,58.0,0.00399,0.28903,28.48,63.11,AMMONIA,Simulated literature-based profile
13.74,7.76,56.04,0.003987,0.301166,28.13,68.39,AMMONIA,Simulated literature-based profile
10.16,6.68,68.57,0.003763,0.399599,30.17,68.91,AMMONIA,Simulated literature-based profile
10.13,5.37,58.67,0.003549,0.386555,30.55,67.51,AMMONIA,Simulated literature-based profile
13.82,4.77,67.96,0.004346,0.337748,28.93,66.88,AMMONIA,Simulated literature-based profile
14.24,4.87,53.6,0.004255,0.267418,29.47,71.75,AMMONIA,Simulated literature-based profile
14.9,6.86,51.5,0.004345,0.365879,30.51,67.94,AMMONIA,Simulated literature-based profile
10.02,5.23,58.15,0.003781,0.258822,27.03,64.14,AMMONIA,Simulated literature-based profile
13.45,6.92,52.71,0.004455,0.28368,28.19,70.83,AMMONIA,Simulated literature-based profile
14.03,4.46,68.72,0.004296,0.276064,28.66,67.48,AMMONIA,Simulated literature-based profile
12.2,4.53,51.43,0.003319,0.353946,27.82,71.47,AMMONIA,Simulated literature-based profile
11.18,5.34,62.14,0.004414,0.355897,29.02,67.09,AMMONIA,Simulated literature-based profile
11.81,4.24,50.93,0.004698,0.359275,29.21,71.14,AMMONIA,Simulated literature-based profile
12.18,4.93,61.89,0.003471,0.267335,30.46,72.5,AMMONIA,Simulated literature-based profile
14.09,4.66,61.53,0.003987,0.26136,27.45,71.92,AMMONIA,Simulated literature-based profile
11.18,6.31,69.71,0.003975,0.207326,27.81,66.93,AMMONIA,Simulated literature-based profile
12.73,7.25,55.21,0.00343,0.36828,30.6,69.19,AMMONIA,Simulated literature-based profile
12.0,4.84,66.18,0.003683,0.215594,28.08,64.21,AMMONIA,Simulated literature-based profile
11.4,4.18,55.36,0.004005,0.352911,29.29,67.93,AMMONIA,Simulated literature-based profile
11.85,5.12,65.93,0.003747,0.289055,29.83,69.98,AMMONIA,Simulated literature-based profile
10.88,5.35,69.63,0.00449,0.270434,27.56,64.73,AMMONIA,Simulated literature-based profile
12.45,5.6,52.66,0.004903,0.280945,28.52,64.4,AMMONIA,Simulated literature-based profile
11.69,6.32,59.39,0.003015,0.234414,30.75,68.98,AMMONIA,Simulated literature-based profile
12.26,4.58,58.41,0.003849,0.224682,29.88,71.08,AMMONIA,Simulated literature-based profile
12.9,6.37,62.78,0.003284,0.352844,27.36,71.4,AMMONIA,Simulated literature-based profile
12.75,7.02,67.39,0.004702,0.300427,30.78,72.31,AMMONIA,Simulated literature-based profile
12.38,5.29,57.25,0.004349,0.349125,28.76,66.44,AMMONIA,Simulated literature-based profile
10.44,5.11,52.27,0.004898,0.328002,27.18,69.73,AMMONIA,Simulated literature-based profile
7.16,6.87,5.42,0.048691,0.1557,28.73,66.45,MERCURY,Simulated literature-based profile
6.54,4.24,6.64,0.05995,0.171579,28.62,64.46,MERCURY,Simulated literature-based profile
9.8,5.97,7.88,0.046837,0.18166,27.6,63.5,MERCURY,Simulated literature-based profile
9.6,4.97,5.53,0.048078,0.171091,29.48,66.48,MERCURY,Simulated literature-based profile
8.74,4.4,7.15,0.046794,0.226267,28.55,64.48,MERCURY,Simulated literature-based profile
8.29,4.04,6.61,0.053512,0.168178,28.24,63.39,MERCURY,Simulated literature-based profile
7.93,5.58,7.0,0.048094,0.20871,28.94,67.2,MERCURY,Simulated literature-based profile
6.8,4.99,5.23,0.040426,0.157921,27.54,65.39,MERCURY,Simulated literature-based profile
8.95,4.91,7.85,0.049653,0.180932,28.91,67.92,MERCURY,Simulated literature-based profile
8.32,6.1,6.04,0.04131,0.202319,29.05,64.67,MERCURY,Simulated literature-based profile
7.33,6.36,7.22,0.058355,0.223281,29.31,65.26,MERCURY,Simulated literature-based profile
7.77,5.93,7.72,0.043819,0.248532,28.53,67.18,MERCURY,Simulated literature-based profile
6.91,6.42,7.31,0.041989,0.247865,28.61,65.57,MERCURY,Simulated literature-based profile
7.1,6.03,6.07,0.044398,0.18512,27.4,65.12,MERCURY,Simulated literature-based profile
9.18,4.9,7.14,0.055654,0.157419,27.34,67.69,MERCURY,Simulated literature-based profile
8.12,5.47,5.92,0.058449,0.248357,27.81,63.83,MERCURY,Simulated literature-based profile
8.99,5.56,5.35,0.057358,0.16141,29.04,63.36,MERCURY,Simulated literature-based profile
9.22,6.84,7.92,0.049491,0.172869,27.61,67.77,MERCURY,Simulated literature-based profile
7.77,4.89,7.52,0.040458,0.240046,28.66,66.4,MERCURY,Simulated literature-based profile
7.53,6.81,6.93,0.041558,0.157801,28.48,66.44,MERCURY,Simulated literature-based profile
9.85,5.08,5.27,0.04807,0.227243,29.98,65.96,MERCURY,Simulated literature-based profile
6.14,5.38,7.45,0.047889,0.222811,27.94,63.36,MERCURY,Simulated literature-based profile
7.99,5.22,6.67,0.056521,0.180699,29.28,66.83,MERCURY,Simulated literature-based profile
7.69,5.93,5.2,0.049226,0.157059,29.5,66.92,MERCURY,Simulated literature-based profile
6.51,5.63,6.67,0.059594,0.157274,29.73,67.55,MERCURY,Simulated literature-based profile
7.62,6.94,7.16,0.044564,0.190787,27.71,63.74,MERCURY,Simulated literature-based profile
9.38,6.64,5.41,0.053848,0.249948,28.79,64.32,MERCURY,Simulated literature-based profile
8.97,5.06,5.31,0.055137,0.20158,28.51,65.49,MERCURY,Simulated literature-based profile
8.59,6.59,5.41,0.041305,0.246199,28.97,65.94,MERCURY,Simulated literature-based profile
8.38,4.26,5.86,0.056286,0.24305,29.16,67.65,MERCURY,Simulated literature-based profile
9.79,8.45,8.89,0.005709,4.33,28.09,68.75,H2S,Simulated literature-based profile
10.74,6.4,10.25,0.003989,3.29,29.17,67.52,H2S,Simulated literature-based profile
10.98,6.32,8.69,0.003751,4.29,30.34,69.61,H2S,Simulated literature-based profile
10.81,5.39,9.32,0.004435,3.0,30.71,67.72,H2S,Simulated literature-based profile
11.92,8.53,8.85,0.005629,4.3,29.68,68.34,H2S,Simulated literature-based profile
10.2,5.02,7.48,0.005032,4.01,28.15,66.97,H2S,Simulated literature-based profile
10.74,6.69,7.23,0.003897,3.03,29.15,67.53,H2S,Simulated literature-based profile
10.61,8.72,8.57,0.00595,3.92,31.65,69.51,H2S,Simulated literature-based profile
10.11,6.31,7.95,0.005535,3.79,31.17,66.44,H2S,Simulated literature-based profile
8.07,7.22,8.1,0.005675,4.44,30.01,69.09,H2S,Simulated literature-based profile
11.75,7.67,8.12,0.004731,3.34,30.75,65.28,H2S,Simulated literature-based profile
10.08,6.96,7.82,0.005544,3.76,28.66,65.65,H2S,Simulated literature-based profile
8.54,7.04,7.93,0.003664,3.77,29.11,67.88,H2S,Simulated literature-based profile
10.59,6.93,9.2,0.005925,3.3,31.92,65.35,H2S,Simulated literature-based profile
10.26,5.89,9.44,0.004116,3.34,29.22,67.23,H2S,Simulated literature-based profile
10.33,6.22,10.02,0.004218,4.0,29.3,68.18,H2S,Simulated literature-based profile
10.78,5.02,10.83,0.004586,4.49,29.11,65.83,H2S,Simulated literature-based profile
11.89,6.49,8.25,0.004832,3.44,28.56,67.46,H2S,Simulated literature-based profile
9.52,7.04,10.56,0.004567,3.21,30.29,66.42,H2S,Simulated literature-based profile
8.79,7.75,8.53,0.0047,4.48,30.56,66.94,H2S,Simulated literature-based profile
8.34,7.72,9.21,0.00466,3.52,30.04,68.27,H2S,Simulated literature-based profile
9.44,7.67,10.91,0.004105,3.27,29.05,68.11,H2S,Simulated literature-based profile
9.85,7.59,8.51,0.004352,4.34,29.63,66.63,H2S,Simulated literature-based profile
10.4,7.68,9.77,0.005454,3.52,31.39,68.63,H2S,Simulated literature-based profile
10.83,7.42,7.46,0.003747,3.33,29.14,66.26,H2S,Simulated literature-based profile
10.99,6.81,7.93,0.005779,3.33,29.89,69.25,H2S,Simulated literature-based profile
9.92,6.31,7.83,0.003936,4.46,31.74,67.2,H2S,Simulated literature-based profile
9.24,5.5,10.17,0.004379,4.48,29.27,66.59,H2S,Simulated literature-based profile
10.44,7.63,9.2,0.004321,3.98,28.3,66.85,H2S,Simulated literature-based profile
8.53,8.22,8.75,0.0042,3.32,30.1,68.58,H2S,Simulated literature-based profile
3.58,1.95,2.36,0.0017,0.092835,27.61,64.19,CLEAN,Simulated literature-based profile
3.14,1.8,2.53,0.000511,0.079408,27.9,63.86,CLEAN,Simulated literature-based profile
3.09,1.32,2.61,0.001063,0.06859,26.69,62.26,CLEAN,Simulated literature-based profile
2.68,1.72,2.38,0.001065,0.102811,25.01,60.25,CLEAN,Simulated literature-based profile
3.98,1.49,2.78,0.000993,0.082594,27.76,59.06,CLEAN,Simulated literature-based profile
2.11,2.51,3.04,0.000793,0.09414,28.1,60.36,CLEAN,Simulated literature-based profile
3.8,1.75,2.02,0.001018,0.080481,27.98,62.49,CLEAN,Simulated literature-based profile
3.67,1.17,3.3,0.00151,0.088087,25.3,63.67,CLEAN,Simulated literature-based profile
3.04,2.28,2.18,0.001096,0.073839,28.79,63.88,CLEAN,Simulated literature-based profile
3.85,2.75,2.26,0.001341,0.069914,28.43,59.2,CLEAN,Simulated literature-based profile
2.43,2.46,2.11,0.001737,0.079408,26.28,59.76,CLEAN,Simulated literature-based profile
2.7,1.33,3.91,0.000759,0.088336,27.83,58.19,CLEAN,Simulated literature-based profile
2.74,2.85,2.49,0.001563,0.093691,25.27,64.65,CLEAN,Simulated literature-based profile
3.4,1.51,3.93,0.001599,0.102011,26.25,61.81,CLEAN,Simulated literature-based profile
2.06,2.35,2.42,0.001867,0.05502,28.11,60.96,CLEAN,Simulated literature-based profile
2.35,1.31,3.29,0.001531,0.117287,25.09,62.22,CLEAN,Simulated literature-based profile
3.91,2.68,3.39,0.001321,0.100378,26.87,63.57,CLEAN,Simulated literature-based profile
3.39,2.96,2.69,0.001148,0.103623,28.19,58.79,CLEAN,Simulated literature-based profile
2.29,2.71,2.5,0.00092,0.081049,27.74,61.83,CLEAN,Simulated literature-based profile
2.11,1.0,3.09,0.001113,0.064209,27.17,61.34,CLEAN,Simulated literature-based profile
2.05,2.23,2.9,0.000601,0.092674,27.63,59.24,CLEAN,Simulated literature-based profile
3.09,1.7,2.55,0.001986,0.058152,28.94,60.13,CLEAN,Simulated literature-based profile
3.86,2.61,2.67,0.001315,0.082682,25.38,63.54,CLEAN,Simulated literature-based profile
2.8,1.32,2.19,0.001923,0.091175,28.17,61.22,CLEAN,Simulated literature-based profile
2.06,1.01,3.28,0.001066,0.065473,25.83,63.65,CLEAN,Simulated literature-based profile
2.8,1.85,3.82,0.000978,0.112592,25.8,62.08,CLEAN,Simulated literature-based profile
3.59,1.28,2.25,0.001764,0.071172,26.93,61.28,CLEAN,Simulated literature-based profile
2.88,1.51,3.49,0.000661,0.057987,27.02,60.44,CLEAN,Simulated literature-based profile
2.79,2.21,2.02,0.001036,0.086531,26.34,58.82,CLEAN,Simulated literature-based profile
2.63,2.71,3.22,0.000727,0.085992,27.9,60.47,CLEAN,Simulated literature-based profile
27.59696326661378,63.258547319339556,12.749679708943265,0.006031729152422304,2.0535254533517917,34.82913735236744,79.67272323740279,CO+H2S,Li-ion battery burning on PCB board
25.253793299288333,62.453712938087236,11.814211740303174,0.005726856979859524,2.0878014892820413,34.424324919210406,80.01378024573485,CO+H2S,Li-ion battery burning on PCB board
26.2134510088247,63.03984925982145,11.887903789375049,0.006017758521762104,2.105794824424645,34.78332455332904,79.54742618783274,CO+H2S,Li-ion battery burning on PCB board
26.6103742879442,63.03746688899109,11.797760819870003,0.005459122525769727,2.1309383395695547,35.15382006938925,79.36622279454915,CO+H2S,Li-ion battery burning on PCB board
25.98164402645878,63.09372345139109,12.75507436691857,0.0059404743319053915,2.159920432622736,34.85585317102722,78.11159356070598,CO+H2S,Li-ion battery burning on PCB board
27.302360502512585,66.84250506906672,12.098792799626192,0.006068583827929833,2.0839930763058696,35.18994975136491,78.93103945605986,CO+H2S,Li-ion battery burning on PCB board
26.338832075631867,62.46478036608352,12.717023626949898,0.0057470664829762114,1.9752888116636549,34.95213364398584,79.07965327319684,CO+H2S,Li-ion battery burning on PCB board
27.056786443017277,63.41040288893461,11.908254578675173,0.005634616852780218,2.081298953752758,34.393732065348296,78.85487876487969,CO+H2S,Li-ion battery burning on PCB board
27.163722621349933,68.87897140220215,12.205862796358446,0.005936753733466643,1.9862984396234658,34.74190407282482,80.12883765038268,CO+H2S,Li-ion battery burning on PCB board
26.08437333210022,62.29745904398239,12.69692350207113,0.005500476524575749,2.04718981690125,34.967611017803385,78.03430763048743,CO+H2S,Li-ion battery burning on PCB board
27.015916103455698,66.42489012523181,11.854109847835598,0.005782069847249874,2.1204904682054067,34.83572617873601,78.1842091322184,CO+H2S,Li-ion battery burning on PCB board
27.3988935196991,62.29970776426876,13.002261964130732,0.005930875131234633,2.1066435208610286,35.05887859456252,78.66234558119214,CO+H2S,Li-ion battery burning on PCB board
26.87337552483233,62.045826930909186,12.305855968477253,0.005480720446559973,2.2931431339921575,34.97898098414646,78.99587533495747,CO+H2S,Li-ion battery burning on PCB board
25.704823279166654,64.55799249433448,12.466881670650778,0.005907723090750947,2.0045184937201506,34.84270224109973,78.4724354491834,CO+H2S,Li-ion battery burning on PCB board
26.277289670739748,63.73209686015982,12.296758324605298,0.005485895763243452,2.1342373517826063,34.99471328819604,80.3916637027807,CO+H2S,Li-ion battery burning on PCB board
27.51856488868146,65.91573211875547,12.794983700094374,0.006122177207818033,1.9479574930520482,35.0526294073081,78.15793933339212,CO+H2S,Li-ion battery burning on PCB board
26.55752044696698,65.89796024905047,12.34329420333137,0.005680059268819192,2.129299016368423,34.603115920463495,78.51391311515769,CO+H2S,Li-ion battery burning on PCB board
26.286908679269672,65.32615542437377,12.01719253232107,0.005874483546215126,2.1280297488746696,34.754858321007234,78.33352252300267,CO+H2S,Li-ion battery burning on PCB board
29.20269852746697,65.63431130545594,11.832531227974565,0.0052362999176964594,2.0313039157778605,34.676972444626564,79.03626495702741,CO+H2S,Li-ion battery burning on PCB board
28.603806743197097,60.48458077447819,12.323591445952495,0.005763245672147237,2.0651939137833355,34.6176513622661,79.67334613303315,CO+H2S,Li-ion battery burning on PCB board
27.191624758779735,65.04209880634157,12.926464339469096,0.0053835612984013785,2.0821480378475794,34.4324020181583,79.02076520630612,CO+H2S,Li-ion battery burning on PCB board
27.25860346289992,62.28284714657015,12.855957524749325,0.005782420528285358,2.11056548405091,35.128256577103244,78.30641447978891,CO+H2S,Li-ion battery burning on PCB board
27.53400310803763,63.297600018885255,12.288808944734646,0.006013990972751106,2.092273319709224,34.96591242091657,79.94686355030784,CO+H2S,Li-ion battery burning on PCB board
26.27784977741054,67.98432198345283,11.89831050625421,0.00542040671728432,2.055788764834872,35.10422371292434,79.35702933212525,CO+H2S,Li-ion battery burning on PCB board
26.099256335404096,62.87598271838246,12.612423896490217,0.0054129947321624,1.9756812356576872,34.747260796150684,79.09192974063845,CO+H2S,Li-ion battery burning on PCB board
27.25408082615239,66.74624375025708,12.617871991494976,0.005727099138466672,2.2053444864127467,34.65509335366859,79.0281339192955,CO+H2S,Li-ion battery burning on PCB board
27.747238125565286,62.997312426787985,12.652979018241036,0.005948079341045307,2.035330107079655,34.848440604837556,79.01707683517873,CO+H2S,Li-ion battery burning on PCB board
29.175229814658977,61.981168679274205,12.390096894442117,0.005666639195608433,2.020761680054419,34.60060050212351,78.55034472134263,CO+H2S,Li-ion battery burning on PCB board
25.874279458636984,67.20247448611373,12.775450516212496,0.005595131910775342,2.072606510958115,34.96027366352729,79.00432591252365,CO+H2S,Li-ion battery burning on PCB board
26.129678926079343,63.370092356389826,12.349625787141196,0.006005117339435104,2.109131028543127,34.84420329608864,77.95591208221157,CO+H2S,Li-ion battery burning on PCB board
29.12870130971396,67.44104496749138,12.0530964495826,0.005817938723594521,1.9475741574381304,34.99167223808293,78.45410768898512,CO+H2S,Li-ion battery burning on PCB board
28.468934837313142,63.46248778039958,13.025112201201111,0.005228784999545247,2.119169152846405,34.87654449085237,79.05246232982176,CO+H2S,Li-ion battery burning on PCB board
26.363729328264192,61.39005091933646,12.235732875202848,0.005882790171648313,1.9891933153216994,35.21988856623625,78.61991331381866,CO+H2S,Li-ion battery burning on PCB board
26.213020059125533,64.02311187784835,12.02112645287565,0.005489590003278179,2.2011754178685283,35.2070561958712,78.56797792119278,CO+H2S,Li-ion battery burning on PCB board
27.59063426618511,64.15408151756007,13.370642747161607,0.0059128924302393575,2.0089775109892654,34.951975811660205,78.05590173362553,CO+H2S,Li-ion battery burning on PCB board
26.95412465761687,66.57626841355292,12.235287740663544,0.005599852977733669,2.253406194916228,34.682681722184846,78.37769784460347,CO+H2S,Li-ion battery burning on PCB board
26.34082909526988,62.564718972062344,12.054015247305415,0.005434778643751456,2.1482495626663156,34.779671414048636,78.96979015829577,CO+H2S,Li-ion battery burning on PCB board
26.81628724837011,64.94248534554849,11.79210177168694,0.005870926939252092,2.015269561859191,35.016142782443815,78.15543520466596,CO+H2S,Li-ion battery burning on PCB board
26.838397639966022,61.21436367895002,11.997084622969066,0.00577901732682726,2.187649065880299,34.368406956019086,79.49371408997305,CO+H2S,Li-ion battery burning on PCB board
27.598836544485206,63.24422349910642,12.49703454992793,0.0055082046512649595,2.060152964544721,34.86573025778587,79.66993202823764,CO+H2S,Li-ion battery burning on PCB board
27.124596655048318,67.670379437675,12.696499804821348,0.005631629224966062,2.2318631971572227,34.816252206623226,77.56738989775448,CO+H2S,Li-ion battery burning on PCB board
27.746826912986148,59.095861911135756,12.859999742948284,0.005918123069945433,2.090651212462452,34.92665221139978,79.03845009651394,CO+H2S,Li-ion battery burning on PCB board
27.733442796962432,61.78975520015032,12.29551230000079,0.005543878798760728,2.1256286523159353,34.99901955036566,79.49175282313146,CO+H2S,Li-ion battery burning on PCB board
28.075092872524312,66.54598254073922,12.568170484736964,0.006199682840794275,1.9973363000475024,35.030149565066424,77.80392253796452,CO+H2S,Li-ion battery burning on PCB board
27.30186508687683,65.37157537948681,12.523465044039032,0.00565602415927033,2.071671550115618,34.9069651252063,80.42247097346137,CO+H2S,Li-ion battery burning on PCB board
25.330989678899176,66.61775514148806,12.159330549338499,0.005568183313078994,2.202646558508962,34.531037576546034,79.24290383886809,CO+H2S,Li-ion battery burning on PCB board
26.91822686753956,63.007871561536746,11.22295002437539,0.00597766381989228,2.0927143869740474,34.93458001522557,80.19675133258525,CO+H2S,Li-ion battery burning on PCB board
27.20235328158772,63.27795899538401,12.433768972932938,0.00528553809741578,2.172262344855633,34.943830976424366,78.11407177581246,CO+H2S,Li-ion battery burning on PCB board
26.844413645496772,62.95018653007738,11.709808418782865,0.005461597442443139,2.113400844644818,34.89663679669679,79.72155486578725,CO+H2S,Li-ion battery burning on PCB board
26.846478539641254,62.92386515945037,12.64207511246945,0.005853924217226648,1.9933143052978048,35.15218927056885,78.21226612232192,CO+H2S,Li-ion battery burning on PCB board
26.739642549892572,65.49579197394995,12.413810919588173,0.0053876231472644535,2.0639175870919537,34.830642693977396,78.18558618636364,CO+H2S,Li-ion battery burning on PCB board
26.69537263600536,65.71908829152267,12.5778212572577,0.005764951709000653,2.0728597238862867,34.82016799452091,79.23602693061994,CO+H2S,Li-ion battery burning on PCB board
26.52923311371342,62.03094583317932,12.64585566992347,0.005652053132731838,2.1722212373243552,34.26866271824419,79.42107087590017,CO+H2S,Li-ion battery burning on PCB board
26.16152505273031,63.53370710354257,12.407534666081734,0.005424974725172624,2.1722815114318754,34.55727164172771,79.03864117146176,CO+H2S,Li-ion battery burning on PCB board
27.463236902119526,64.17567947031874,11.984452914372104,0.005877122675698229,2.215889055332848,34.74341556065773,81.00574099898735,CO+H2S,Li-ion battery burning on PCB board
27.652059959482333,62.43206770695163,12.755938300103832,0.005967058510109301,1.9997603765035243,34.64718088437686,78.59330534831422,CO+H2S,Li-ion battery burning on PCB board
27.57472000238522,65.91476681329353,12.539386028512304,0.005703640973512253,2.1689176406986337,34.565598676219395,79.37812415628758,CO+H2S,Li-ion battery burning on PCB board
26.97200950984214,63.712976695289335,12.702379695237918,0.0057204511236847964,2.0258197548094596,34.72508484113773,78.59731529987334,CO+H2S,Li-ion battery burning on PCB board
28.580070591738668,63.950434981722104,13.029705878482387,0.005597141337263431,2.0676892609631667,34.89003844218869,79.2869127476834,CO+H2S,Li-ion battery burning on PCB board
28.434173645973203,62.5207164190998,12.295930132591218,0.00581006125637611,1.999426849085348,34.84424258463875,78.25829978255507,CO+H2S,Li-ion battery burning on PCB board
27.31261254207219,64.93093186658663,11.910522206213308,0.005734933549644191,2.052020723608446,34.798366198884665,79.37682400934222,CO+H2S,Li-ion battery burning on PCB board
28.164212962945225,62.65780643034219,12.38049144817723,0.005757862335118796,2.0552251256659013,34.96877319809438,79.16365103916223,CO+H2S,Li-ion battery burning on PCB board
27.91180193140495,67.73701487601583,12.386821086948828,0.00551216412671339,2.1620487830255524,35.121780916060374,78.84855284508257,CO+H2S,Li-ion battery burning on PCB board
26.674951232875433,65.92055565896591,12.757234478021793,0.006278374405048831,2.1860496708599815,34.99393061831323,79.47961271415855,CO+H2S,Li-ion battery burning on PCB board
27.018778453344773,63.952516362778454,12.885534421262784,0.005360638121518914,2.1517142648845407,34.86989183587933,79.38045816664473,CO+H2S,Li-ion battery burning on PCB board
26.71506733159022,64.00822771732858,12.544362463851517,0.00621319862526442,2.0135039674425848,34.890005114710114,79.24548688844229,CO+H2S,Li-ion battery burning on PCB board
28.454516046642915,60.220416319641174,11.867223584690251,0.005849961977181979,2.0741233622797433,34.651112134546146,78.72584432331428,CO+H2S,Li-ion battery burning on PCB board
27.06984989223841,62.211276330910394,11.825731134420842,0.005918120066598212,2.1178561073331696,34.77182434900258,80.2637088134351,CO+H2S,Li-ion battery burning on PCB board
25.822801121785318,66.72823341971602,12.593670553007424,0.006004562588921431,2.1486003750342317,34.881251119075756,79.6097950642719,CO+H2S,Li-ion battery burning on PCB board
26.224458361013745,67.31080533693633,12.112292576355175,0.005309596051548393,1.9121907215020608,34.4662825278964,79.66677277977449,CO+H2S,Li-ion battery burning on PCB board
27.89894834991149,64.47274971511939,12.055954342158397,0.005720564983135518,1.938982915712688,34.608941668769866,79.84635944974778,CO+H2S,Li-ion battery burning on PCB board
26.141531286065923,63.03960626794217,13.003215545257772,0.005942767940183337,2.1132355171257458,35.057838670379354,80.01679453669601,CO+H2S,Li-ion battery burning on PCB board
28.05674074431266,62.402469949485926,12.845758523008318,0.005722799284457115,2.149796240834478,34.8048790970432,80.02127007430468,CO+H2S,Li-ion battery burning on PCB board
26.812265360309482,68.05174105627049,12.818677171623142,0.0058599754200101516,2.1400448410161483,34.76630651180065,79.66336852416794,CO+H2S,Li-ion battery burning on PCB board
25.774834351986435,60.534306068009855,12.641432389755774,0.006037233470283803,1.9955395615117917,34.99393015704415,79.9384627705742,CO+H2S,Li-ion battery burning on PCB board
26.550236149047738,64.52539596820402,12.550142319084753,0.005857707116154023,1.8717363188045355,34.9085338010331,78.63346737446591,CO+H2S,Li-ion battery burning on PCB board
26.70495434272528,61.291374816171924,11.72893020684297,0.006102709036473272,2.048410828089238,34.62777801400767,78.85806048000089,CO+H2S,Li-ion battery burning on PCB board
28.537223633009663,65.54707570190857,12.32384103807065,0.005595587340393914,2.072481135131432,35.13183430840594,79.21542104585346,CO+H2S,Li-ion battery burning on PCB board
27.761368633790916,63.87555991072976,12.250625490088286,0.005918139688812238,2.081897652815654,34.699185836740476,79.38942632006143,CO+H2S,Li-ion battery burning on PCB board
27.670508070847127,61.44073140450062,12.238712177580638,0.006441090790271818,2.0845227062290297,34.89157973149899,79.73926220950335,CO+H2S,Li-ion battery burning on PCB board
28.612626925912274,58.54652846128892,34.43234287098752,0.006326729713492426,0.43601721505375324,34.918736035368035,79.75166867944124,CO+BENZENE,FR4 PCB board burning — complex organic combustion
28.169873290370486,58.129651022406506,34.376431657727565,0.006209472137684728,0.41986158579763405,34.77130454826663,78.52336169495975,CO+BENZENE,FR4 PCB board burning — complex organic combustion
29.605578604817076,54.776507941127385,36.129955041065486,0.006247547538282943,0.40223753702835374,34.30437171070686,81.37651138685034,CO+BENZENE,FR4 PCB board burning — complex organic combustion
27.02916886171156,53.649147774641186,34.50234035022375,0.007035061301326053,0.4277006491311569,34.80252048241118,79.57560350867625,CO+BENZENE,FR4 PCB board burning — complex organic combustion
25.976629647019735,56.05341494578653,34.61103274175847,0.006072616806987719,0.4124751135291783,35.09846537577246,79.4392746132371,CO+BENZENE,FR4 PCB board burning — complex organic combustion
28.19536035909726,54.094901790238914,35.22781493589086,0.006594303492533748,0.3904493135966164,34.91229679784004,79.60929023231097,CO+BENZENE,FR4 PCB board burning — complex organic combustion
27.738649098405435,56.35855571862825,34.65133097777696,0.006303479155276818,0.4117768145566543,34.96945307423755,78.78553825247394,CO+BENZENE,FR4 PCB board burning — complex organic combustion
27.175325112125062,60.28365635371891,33.285752631156655,0.006760983889652149,0.44541158059738317,34.811090894663565,78.620412356101,CO+BENZENE,FR4 PCB board burning — complex organic combustion
28.384734215878883,60.97321584677981,33.34534046631329,0.00672897808004275,0.4200494454963386,34.67113503862895,79.12000690566688,CO+BENZENE,FR4 PCB board burning — complex organic combustion
28.07645123101618,55.31346287039637,32.51778602313991,0.006511981873075627,0.42152507436077535,34.84488676927818,78.20017253050904,CO+BENZENE,FR4 PCB board burning — complex organic combustion
28.1004720841202,56.41836390109637,35.45108561586888,0.006528343489341339,0.4219102213660111,34.49474697169862,79.15510113386088,CO+BENZENE,FR4 PCB board burning — complex organic combustion
28.901237201051536,56.83675531963372,35.70775736762383,0.006426365742887391,0.39993236880368854,34.53256506577261,79.6804029039157,CO+BENZENE,FR4 PCB board burning — complex organic combustion
26.958688249599955,52.77431595696006,33.63351963699601,0.007079078723714813,0.4166698148209065,34.85084389435359,79.8770574082164,CO+BENZENE,FR4 PCB board burning — complex organic combustion
27.932606268956242,55.07791480640483,34.9656350336821,0.00659315479164801,0.4197550315417118,34.83729312764751,79.37458663257308,CO+BENZENE,FR4 PCB board burning — complex organic combustion
27.183253188429763,55.90280810679036,31.355532995713535,0.006273701784578117,0.41202981198062827,34.73253191011433,79.60666676432562,CO+BENZENE,FR4 PCB board burning — complex organic combustion
29.1207801243622,58.535798460862566,33.97108770065074,0.006847202165382908,0.4147368711873973,34.85563337797848,79.57222560681977,CO+BENZENE,FR4 PCB board burning — complex organic combustion
28.136663838259814,53.89106668668885,33.8903507054076,0.006582079479202162,0.3681946759498601,34.729032383919545,78.8804455758641,CO+BENZENE,FR4 PCB board burning — complex organic combustion
26.621329449038573,56.758049114215886,32.75682510675525,0.006534368784407284,0.40424242512359254,34.68463396311063,80.85101169003755,CO+BENZENE,FR4 PCB board burning — complex organic combustion
27.363444853506326,53.689245792418966,33.75740295825116,0.006892180116542039,0.3986853723551377,35.07993138854722,79.16008548938095,CO+BENZENE,FR4 PCB board burning — complex organic combustion
29.071131843683634,59.15393982907642,34.067622644329504,0.006072738790656883,0.407026377932943,34.920737753277486,80.2111884494715,CO+BENZENE,FR4 PCB board burning — complex organic combustion
27.531846369001073,57.328752768300575,33.939055554520955,0.006920177073039963,0.4304806746965596,34.803359973307494,79.56522538711248,CO+BENZENE,FR4 PCB board burning — complex organic combustion
27.73239571298247,58.0200081003988,32.88938586978596,0.00634810043214409,0.4074909737837661,35.19909663253975,79.15888153827791,CO+BENZENE,FR4 PCB board burning — complex organic combustion
27.83035699884846,55.88840190136162,35.80584680770946,0.0067720098985963005,0.43102240463628905,34.85587578795078,79.81946025290992,CO+BENZENE,FR4 PCB board burning — complex organic combustion
28.084960307931453,54.179156432235075,35.94585306466237,0.006413707403837994,0.436989790419031,34.99511928827344,79.25193225864534,CO+BENZENE,FR4 PCB board burning — complex organic combustion
28.28301730706726,56.99675827333608,34.945603882453774,0.006979335363369083,0.4160362993084674,34.50468057174987,79.45483941267372,CO+BENZENE,FR4 PCB board burning — complex organic combustion
29.075104116918805,55.15942439757785,33.292629005970916,0.006650435498318501,0.40006764809251083,35.170175766559026,79.1106420154594,CO+BENZENE,FR4 PCB board burning — complex organic combustion
28.954833295051447,57.98698502119042,33.59470389466054,0.006442715617572143,0.41909887756503617,35.298757393616796,79.61570921512794,CO+BENZENE,FR4 PCB board burning — complex organic combustion
28.642534668485098,57.641076213564986,35.203837322091054,0.006404075406595005,0.42089653218425305,34.67245560813724,79.17874793475244,CO+BENZENE,FR4 PCB board burning — complex organic combustion
27.926978130695552,53.34968637721472,34.490729896472914,0.006430847031809411,0.4188599261173318,34.86615962130172,79.28964408935536,CO+BENZENE,FR4 PCB board burning — complex organic combustion
29.471033905479604,59.10026341241805,31.83605825052922,0.006370325879256077,0.4085127561777599,34.437110594177156,78.20902697492481,CO+BENZENE,FR4 PCB board burning — complex organic combustion
28.000602065289236,59.76681549866937,35.80636825393217,0.0063858789784906,0.4040335073822384,34.7722284638226,78.40908961496586,CO+BENZENE,FR4 PCB board burning — complex organic combustion
27.487833459776446,56.5879198367361,35.16534614908861,0.006481673023005336,0.42639819892570197,34.81110195323561,79.59551425390694,CO+BENZENE,FR4 PCB board burning — complex organic combustion
26.59090669826081,55.15228781160114,35.451694213975316,0.006090871056574633,0.4070277323945183,34.68806755313774,80.17022668584781,CO+BENZENE,FR4 PCB board burning — complex organic combustion
27.093517058943114,56.32259160640546,30.597988793781568,0.006735318600723236,0.4253661351603987,34.44926675012812,78.42132062046677,CO+BENZENE,FR4 PCB board burning — complex organic combustion
28.186323153240565,60.017080188978944,32.745349167856595,0.0063738560971141655,0.4296344644022655,35.063597021236404,78.87918299648544,CO+BENZENE,FR4 PCB board burning — complex organic combustion
27.43104715635892,53.54930092450615,35.461775006611745,0.0065084363201166374,0.3945707787798942,35.38753976668529,79.22520641132382,CO+BENZENE,FR4 PCB board burning — complex organic combustion
29.232066293682138,58.23434902308484,34.89081203426932,0.006703499061387052,0.40918056062184927,34.81145852617604,79.84183250625796,CO+BENZENE,FR4 PCB board burning — complex organic combustion
29.810684732466015,54.48616535971544,34.993267256409595,0.007037359787256933,0.4418347695138559,34.97959150056532,78.91120802395159,CO+BENZENE,FR4 PCB board burning — complex organic combustion
28.463529526729264,56.07801142677214,33.816726891245914,0.006012971120057931,0.40795822861500597,35.19607842273908,78.78019713774482,CO+BENZENE,FR4 PCB board burning — complex organic combustion
26.776366265111307,55.868840089464086,33.743737300983256,0.006861682733418256,0.4278282807818452,34.93242622287835,78.94079756450131,CO+BENZENE,FR4 PCB board burning — complex organic combustion
28.332472303110144,56.4513254567852,33.2486300721836,0.006688130613598206,0.3945231404957457,35.117866258073356,78.47177775642082,CO+BENZENE,FR4 PCB board burning — complex organic combustion
28.192349902389893,60.037729182472496,34.802944715605065,0.006442191286733284,0.41599235643306,34.95720502392382,80.45510330941822,CO+BENZENE,FR4 PCB board burning — complex organic combustion
27.782844319806273,54.76076753023248,34.424802509282074,0.006619482061349381,0.3839449904761667,35.02179499392588,78.9391018824198,CO+BENZENE,FR4 PCB board burning — complex organic combustion
29.15347892858863,57.49029160797367,33.13352414338439,0.006726023100763647,0.4036289136589235,35.057865666768414,78.821259336277,CO+BENZENE,FR4 PCB board burning — complex organic combustion
27.414666271390985,54.33145301460425,34.42916654423763,0.007057292483840197,0.417633011767234,34.84212798525056,79.87452927411368,CO+BENZENE,FR4 PCB board burning — complex organic combustion
25.950233666713522,57.984648471233164,35.153595480100314,0.006447751625120459,0.427228398527838,35.02784175826575,78.53926853832411,CO+BENZENE,FR4 PCB board burning — complex organic combustion
28.273107959100145,54.79680352558755,34.77634361140667,0.006315645840585754,0.39929659795134387,34.82133118084755,79.37422943518877,CO+BENZENE,FR4 PCB board burning — complex organic combustion
27.08298952529863,55.13202695380843,32.513261117002436,0.006548766719183816,0.41170539753984703,34.66706453128427,79.46751331348392,CO+BENZENE,FR4 PCB board burning — complex organic combustion
27.796296257174838,58.03315058531127,33.84240642922953,0.0062015790917604365,0.3921683145630597,34.47351497803821,79.24166534432786,CO+BENZENE,FR4 PCB board burning — complex organic combustion
28.44528763614731,57.29005617668107,32.29515680419049,0.0062568189506792965,0.3994505868558803,34.825888132717054,79.82736584015444,CO+BENZENE,FR4 PCB board burning — complex organic combustion
28.27697175895868,56.55259129791156,33.791746100675894,0.006508063821760319,0.41759566320642216,35.03191066178195,78.87711531446587,CO+BENZENE,FR4 PCB board burning — complex organic combustion
26.788718926221105,56.96820973172586,33.57796578420839,0.006556936612025032,0.40090935608436173,34.9916573396887,78.88825379890872,CO+BENZENE,FR4 PCB board burning — complex organic combustion
28.52495448745078,57.49023345900679,33.342822028855984,0.006932720278434201,0.4027841576856317,34.938137561770034,80.31785529250001,CO+BENZENE,FR4 PCB board burning — complex organic combustion
28.46135357698865,53.07606901438829,34.01933820398244,0.006091028646290673,0.4334455379679151,35.17297831372136,79.39490101729183,CO+BENZENE,FR4 PCB board burning — complex organic combustion
27.25458759953692,56.05567768609931,33.619083490546224,0.006169900268402086,0.4286202017290751,34.98059214393446,78.65383143759166,CO+BENZENE,FR4 PCB board burning — complex organic combustion
28.911922700990207,56.56396578920638,33.35857842720091,0.006619228018394865,0.40824645625676526,34.95713574725488,79.39133626257282,CO+BENZENE,FR4 PCB board burning — complex organic combustion
28.566585614881788,57.36977139103745,33.91148210940979,0.00590302211878682,0.39358150489807187,34.74249758789482,80.06738439049889,CO+BENZENE,FR4 PCB board burning — complex organic combustion
27.48066734600159,55.06354547738128,32.8666230934192,0.006880526438219748,0.42357942426755374,34.69161907682798,80.78506237561609,CO+BENZENE,FR4 PCB board burning — complex organic combustion
27.563234576811226,56.31018144551624,34.25135631956475,0.006240660976348668,0.4119365685091283,34.98762727535906,79.81489455466465,CO+BENZENE,FR4 PCB board burning — complex organic combustion
28.029248843186124,56.25912032932297,35.80282403835415,0.00606140810615125,0.42931761298977644,35.15415132961653,78.95288148118631,CO+BENZENE,FR4 PCB board burning — complex organic combustion
27.82868375203607,56.906012555801325,35.32677519699388,0.006756860473682607,0.38553283383438774,34.94301510294032,79.34474212109068,CO+BENZENE,FR4 PCB board burning — complex organic combustion
27.456011698629084,55.60973085391206,35.208882617023946,0.006892676207436834,0.410350536321324,34.99456126123406,79.05208628486945,CO+BENZENE,FR4 PCB board burning — complex organic combustion
27.73334518356047,57.203036394781165,33.082270568426885,0.006627492477155707,0.41771524940033766,34.83276589697921,79.5000747701772,CO+BENZENE,FR4 PCB board burning — complex organic combustion
27.562095730513015,55.549527014500036,32.342173816108115,0.0063919684242953086,0.40229715823104195,34.84915736580527,79.65308159191974,CO+BENZENE,FR4 PCB board burning — complex organic combustion
27.271260451394703,52.22037451915135,34.26335161426028,0.006604191512190194,0.42791086643544785,34.90348213886435,79.91508249705062,CO+BENZENE,FR4 PCB board burning — complex organic combustion
28.440665787736528,54.68802717016924,31.94863456481328,0.006468275368670461,0.4201315893475095,35.12328523262865,79.66225772249585,CO+BENZENE,FR4 PCB board burning — complex organic combustion
26.944189687762027,58.30465580062754,33.49133792031407,0.006229184069763912,0.40002616250122525,34.78888537525444,80.24719915183147,CO+BENZENE,FR4 PCB board burning — complex organic combustion
27.95564174071778,56.273896318258956,33.964972385005545,0.006759459796476573,0.42799714407504186,34.96223689975122,80.09611346046012,CO+BENZENE,FR4 PCB board burning — complex organic combustion
27.852013567356078,56.788823340007376,34.33848999827953,0.006145073206147648,0.3935810233734751,34.915620471411714,78.71631319406,CO+BENZENE,FR4 PCB board burning — complex organic combustion
27.12092047125482,56.387642722213336,33.60766841866922,0.006941785438741,0.4043990669819232,34.65304146452559,80.10474463217143,CO+BENZENE,FR4 PCB board burning — complex organic combustion
28.452906708739476,54.75283098885008,34.2586382977556,0.006628714569136505,0.39798367687862285,35.058131441946195,78.38307466010394,CO+BENZENE,FR4 PCB board burning — complex organic combustion
28.80927096565216,55.51314735449375,33.46407098402951,0.006297783940518487,0.39087668547552334,34.64224270616768,81.26735361266736,CO+BENZENE,FR4 PCB board burning — complex organic combustion
28.341814311752348,57.742077454337895,35.780988581526344,0.006256739048061116,0.4037081748232945,34.93823128484122,79.18788185516271,CO+BENZENE,FR4 PCB board burning — complex organic combustion
27.531984751137944,56.83553427393718,35.69560161877265,0.0068189102987277605,0.39792396194184565,34.54730530139257,79.01947075882062,CO+BENZENE,FR4 PCB board burning — complex organic combustion
27.981651858102023,56.196341460128295,33.08477345821139,0.006455863747247461,0.38630668577931715,34.835663928473124,79.86953232988657,CO+BENZENE,FR4 PCB board burning — complex organic combustion
28.820914630015466,56.721315617190854,33.74682005205315,0.006495590932907641,0.39968619914023107,35.08487668883223,79.08869316005527,CO+BENZENE,FR4 PCB board burning — complex organic combustion
26.204912682059888,59.60159379562416,31.79952063242463,0.006484185392642471,0.40070295184162275,34.97533734123817,78.46146549710232,CO+BENZENE,FR4 PCB board burning — complex organic combustion
27.53708889914585,57.617918041763225,34.84340544677427,0.006398908724266607,0.4210332144021989,34.48780519912167,79.1020782118732,CO+BENZENE,FR4 PCB board burning — complex organic combustion
28.59030688132287,55.551882303189615,32.939671452048835,0.006707550267591039,0.406127737319308,34.73499571934698,81.18512480607556,CO+BENZENE,FR4 PCB board burning — complex organic combustion
29.419094697936508,55.108732160828524,34.081515746930215,0.006716332658773081,0.3945232762988855,34.882094783315694,78.56052054419712,CO+BENZENE,FR4 PCB board burning — complex organic combustion
21.95278648246033,54.81585794853708,10.194327766291192,0.022279461341935897,0.2805878125888818,28.40594067473063,64.52568036243997,CO+MERCURY,CRT monitor heating while PCB burns nearby
21.017647224801006,54.566408694043524,9.615729889923223,0.023131326996103645,0.23240351124202177,28.390088179491528,65.34919230675196,CO+MERCURY,CRT monitor heating while PCB burns nearby
21.46674808198634,53.712888915313364,9.431249175502874,0.02310684405782874,0.25077656813078464,28.373047625156943,64.29826813519759,CO+MERCURY,CRT monitor heating while PCB burns nearby
23.213549515177913,52.21120873150082,9.405113425415982,0.0228660260201995,0.2616903426436745,28.412859205853884,64.79409401781095,CO+MERCURY,CRT monitor heating while PCB burns nearby
22.41240412776105,56.50161643531945,10.007472537413783,0.022848477231282367,0.26726981575458497,28.432799003875168,64.98186546928994,CO+MERCURY,CRT monitor heating while PCB burns nearby
21.67989782683827,56.94494648293485,9.398367855748493,0.02314179348218144,0.2669843077047527,28.612204264428634,65.82276919323108,CO+MERCURY,CRT monitor heating while PCB burns nearby
22.01388936455937,54.83094255615638,9.050843747034493,0.023297584808626145,0.2664661326953177,28.67192492339131,64.8827389006673,CO+MERCURY,CRT monitor heating while PCB burns nearby
22.168935096510737,52.55868411367591,9.577783542374991,0.023318055779685997,0.260186323974065,28.539983160372827,63.92118464169597,CO+MERCURY,CRT monitor heating while PCB burns nearby
22.656353942557935,51.23961361091503,9.690109142090336,0.02160613248794292,0.2568804971891947,28.481965968930755,64.30165781577372,CO+MERCURY,CRT monitor heating while PCB burns nearby
21.636050557884268,50.84809377117565,9.245206230082104,0.02269130567442134,0.24911143694975768,28.4099493276682,65.18024400267335,CO+MERCURY,CRT monitor heating while PCB burns nearby
21.097818135217533,52.16742839906261,9.674878634164166,0.021295797321492407,0.2528544139001362,28.288962906673035,64.79331064687676,CO+MERCURY,CRT monitor heating while PCB burns nearby
21.9786996284357,51.1391861029081,9.115778930744195,0.02376124367712399,0.2642272321353647,28.414431717889713,64.77826086903855,CO+MERCURY,CRT monitor heating while PCB burns nearby
22.747580371189844,51.79079136523339,9.751816183666364,0.023323164624787594,0.23837946630672535,28.48759794662036,65.83423810591657,CO+MERCURY,CRT monitor heating while PCB burns nearby
21.792104811137538,53.769243160950964,8.833311385794644,0.02279451735990474,0.2619795790754762,28.528755859508166,65.61861156575854,CO+MERCURY,CRT monitor heating while PCB burns nearby
22.001392241938078,55.216199955229015,9.333908491211119,0.022590049130231455,0.2748010064959303,28.630867860691716,64.17867166203501,CO+MERCURY,CRT monitor heating while PCB burns nearby
21.28177050975037,52.351795511171666,9.477761249948816,0.022611705704036863,0.2670126278017274,28.753956080659687,64.48769275486201,CO+MERCURY,CRT monitor heating while PCB burns nearby
23.05485114268499,55.29687055523788,9.043072393427444,0.02294250543825853,0.26693900820381,28.470120914492238,65.91686659124643,CO+MERCURY,CRT monitor heating while PCB burns nearby
21.000922207921143,54.98979693118985,9.244152174174097,0.02308454682282824,0.2704921188835985,28.41581293131394,64.60362521791103,CO+MERCURY,CRT monitor heating while PCB burns nearby
21.652191414349208,56.4311658861903,9.145719180434872,0.022624156595756797,0.2507126276080477,28.387186381022435,65.3456396198824,CO+MERCURY,CRT monitor heating while PCB burns nearby
24.49143910496282,56.00396962754783,9.043096049890597,0.0224918852511586,0.25247771166899624,28.569352249026693,65.20284233816247,CO+MERCURY,CRT monitor heating while PCB burns nearby
22.250669050412284,59.34193510817029,9.439712720918646,0.022997357308173975,0.262735768258589,28.62864326780708,65.11708495596606,CO+MERCURY,CRT monitor heating while PCB burns nearby
21.518882409928317,53.23906062135083,9.73022485693955,0.024735327732515966,0.2443260361295876,28.405810863397477,64.53455662181373,CO+MERCURY,CRT monitor heating while PCB burns nearby
22.95776190307147,57.25734702510882,8.930137375094109,0.022558120902537945,0.2809649384922221,28.48104625236399,64.56069551228879,CO+MERCURY,CRT monitor heating while PCB burns nearby
21.215418758776515,54.25027319887205,8.992451403207976,0.022391760170271693,0.2450915769502651,28.828898523934622,65.33307145766462,CO+MERCURY,CRT monitor heating while PCB burns nearby
23.417524173639528,55.68538142773024,9.468053615494792,0.022074283358936714,0.2596410256141224,28.499437213333675,65.00013142373393,CO+MERCURY,CRT monitor heating while PCB burns nearby
23.10065148434971,53.0936282313839,9.377617354440783,0.02129518876804747,0.2683483244117333,28.168226496577883,64.48107845203832,CO+MERCURY,CRT monitor heating while PCB burns nearby
21.358662201685245,53.438512412446435,9.248876730365057,0.0226950176208335,0.2690903456248483,28.62118067873976,65.42932462720283,CO+MERCURY,CRT monitor heating while PCB burns nearby
22.308067984865325,56.53810817883423,9.754633507713525,0.022534453061238184,0.25529155948341153,28.72787518833044,65.35956250582704,CO+MERCURY,CRT monitor heating while PCB burns nearby
22.24355257304158,54.53139902973758,9.976409791411431,0.022287289332855953,0.25575971673966935,28.546804306792986,64.31029928270712,CO+MERCURY,CRT monitor heating while PCB burns nearby
21.841221462034,51.20670530170002,9.547642358368181,0.02206671369467046,0.24997846931638004,28.731373554247327,65.43353766734154,CO+MERCURY,CRT monitor heating while PCB burns nearby
20.88049553037601,52.24398689065106,9.71156066523723,0.021977578951075792,0.26391550712102063,28.360791615053344,65.43021078525099,CO+MERCURY,CRT monitor heating while PCB burns nearby
21.1367493852647,50.24336974674125,9.642771616111796,0.022629747526035443,0.2587268685567266,28.523431509649612,65.15437028841467,CO+MERCURY,CRT monitor heating while PCB burns nearby
22.8446095364793,54.99597975213602,8.9681913278288,0.02312436991916627,0.2614422245292187,28.53321466540574,65.42899243207228,CO+MERCURY,CRT monitor heating while PCB burns nearby
23.923277166561366,55.53768712886176,9.699823664911705,0.023302405184347893,0.2521457644685076,28.552317835386383,64.46346082749362,CO+MERCURY,CRT monitor heating while PCB burns nearby
22.739734096022648,55.57415176870251,9.254060643000525,0.023496483849017896,0.2836227057294005,28.38713751898559,64.34903481581561,CO+MERCURY,CRT monitor heating while PCB burns nearby
23.111281890293746,56.96368099670001,9.725968994474536,0.0228339793278084,0.280337385409802,28.45164441276481,64.95056745415545,CO+MERCURY,CRT monitor heating while PCB burns nearby
20.081267783920218,53.21091300842661,9.50848229917615,0.02240679987016028,0.2587651088391836,28.507499315493533,65.90971886401854,CO+MERCURY,CRT monitor heating while PCB burns nearby
21.172072719470503,54.90029236228636,9.702927852347997,0.022144412811970972,0.26547641068501715,28.41694647066539,65.05254186399523,CO+MERCURY,CRT monitor heating while PCB burns nearby
21.93709244748316,51.107343937762344,9.213776345774441,0.021733246879473585,0.24917884945544916,28.44378821320469,64.94334914742348,CO+MERCURY,CRT monitor heating while PCB burns nearby
21.261471513699718,51.466607907028674,9.202919690179336,0.023176613732755914,0.255535631052889,28.41339687679566,64.85983290840815,CO+MERCURY,CRT monitor heating while PCB burns nearby
22.080145936536915,58.702321088323075,9.499135759917422,0.022405214173625544,0.2526526001019243,28.434733505533437,64.93809009830386,CO+MERCURY,CRT monitor heating while PCB burns nearby
23.68250748474228,55.24132914441315,9.446305952344874,0.02274211759890522,0.26780944302700654,28.37244726708122,64.87127459535043,CO+MERCURY,CRT monitor heating while PCB burns nearby
22.795533619825076,53.328083675392584,9.073650410750531,0.024190990553535976,0.27304188489752235,28.507068662794854,64.63011261660596,CO+MERCURY,CRT monitor heating while PCB burns nearby
23.21063724183099,51.643446422599936,9.610836314821128,0.021637202482353575,0.2507343595765887,28.51283447234395,64.60199979999975,CO+MERCURY,CRT monitor heating while PCB burns nearby
21.504123500111962,53.41855874592812,9.796767422173467,0.02210996636540689,0.24677167961512925,28.627013547943506,64.63235757511228,CO+MERCURY,CRT monitor heating while PCB burns nearby
21.405724314844317,54.63952427830153,8.745431133914343,0.020886341372139294,0.24719389122117597,28.345907681666226,64.58854488490013,CO+MERCURY,CRT monitor heating while PCB burns nearby
19.439477225245785,52.97355166427046,9.29934758070063,0.02338082034918191,0.26840145917008307,28.387844970723656,65.432737343426,CO+MERCURY,CRT monitor heating while PCB burns nearby
21.87692698565277,54.26098846330967,9.305183161403898,0.02227450040524661,0.255254752965711,28.514458169275986,64.23858216388382,CO+MERCURY,CRT monitor heating while PCB burns nearby
21.568980114811175,55.072218314896396,9.753722127253688,0.022944967839894234,0.2541386030885949,28.613000712424164,65.14336471133174,CO+MERCURY,CRT monitor heating while PCB burns nearby
22.047090099284155,54.26313281669891,10.126274705440775,0.0224537743858987,0.26504804981864916,28.316327672960366,64.46276633447984,CO+MERCURY,CRT monitor heating while PCB burns nearby
22.501355158654246,52.93539492047484,9.47268195823369,0.023577912373769282,0.2631830733314614,28.407339488154616,65.36406688007482,CO+MERCURY,CRT monitor heating while PCB burns nearby
21.149357506404538,56.86231569513317,9.632122890114276,0.023581189677380283,0.2678841136428851,28.402914423982814,64.46781481234117,CO+MERCURY,CRT monitor heating while PCB burns nearby
20.49997270661929,54.401803596008314,8.728508362478365,0.023101667853807316,0.24199596140946644,28.800650436173633,65.79190953180816,CO+MERCURY,CRT monitor heating while PCB burns nearby
22.94511267385216,54.46103893291797,8.97481416086958,0.022557461213043504,0.25411000470775014,28.447574925511056,64.40941443260114,CO+MERCURY,CRT monitor heating while PCB burns nearby
22.478689158776508,51.62398894298993,9.405915339287752,0.023039974449613497,0.22874471836118443,28.498134297195854,64.72067905545823,CO+MERCURY,CRT monitor heating while PCB burns nearby
21.598479677292815,56.115841149859946,9.08903029664491,0.02332029770615844,0.24795072478096666,28.618036146209548,64.38031872626965,CO+MERCURY,CRT monitor heating while PCB burns nearby
20.364043224866975,53.14040106519254,9.398660054990367,0.02284338365432364,0.25255280513096395,28.4924262044421,63.64931811559711,CO+MERCURY,CRT monitor heating while PCB burns nearby
20.959668453976718,53.5380684688588,9.607937939577479,0.023059651821178927,0.254820384178424,28.428505799965272,65.3231509128751,CO+MERCURY,CRT monitor heating while PCB burns nearby
21.734439013157264,52.41919030462403,9.974937611021826,0.022453837818310982,0.24798705314515634,28.413587893022363,64.4121418764282,CO+MERCURY,CRT monitor heating while PCB burns nearby
23.713976383394666,53.74733200605792,9.724020935036112,0.023436963245729858,0.24456308556922934,28.760748471692985,65.1129876664826,CO+MERCURY,CRT monitor heating while PCB burns nearby
14.795740793477183,7.977734783416061,31.28652772635009,0.005497323618653687,2.115457931717632,32.698729144142206,74.51590898355191,H2S+BENZENE,Li-ion rupture + plastic insulation melting
14.364731211975041,8.898627600121007,32.825590039010685,0.005902396532966326,2.115095514238363,32.56996601526934,74.46888951515604,H2S+BENZENE,Li-ion rupture + plastic insulation melting
14.364864430559642,8.042589454932514,30.368841748012,0.006165455724514487,2.1171423847438167,32.397692520250814,74.11482572821009,H2S+BENZENE,Li-ion rupture + plastic insulation melting
14.153329219324153,8.290994838542861,31.35902717139085,0.005717911421372407,1.9953527099135058,32.88089686608178,74.5503825980978,H2S+BENZENE,Li-ion rupture + plastic insulation melting
14.160016538984834,8.300292091358834,32.04190381437827,0.005813705701525255,2.1756012645100538,32.30324785234366,73.89298840051158,H2S+BENZENE,Li-ion rupture + plastic insulation melting
14.377313506564072,8.584746941191966,31.33780567413723,0.005822330839518402,2.0483886602212973,32.333169052593114,73.78011914963345,H2S+BENZENE,Li-ion rupture + plastic insulation melting
14.23967668184624,7.826309744674924,32.2630388033656,0.005800989880560249,2.1047877441300047,32.38436955869767,73.92353168469401,H2S+BENZENE,Li-ion rupture + plastic insulation melting
14.798378333997313,8.191131456570414,32.6108183836352,0.0062222037132268,2.0592698480633196,32.55005315650999,74.5209401805851,H2S+BENZENE,Li-ion rupture + plastic insulation melting
14.70233778386061,8.309271235267875,31.67987395942426,0.005824461150714326,2.1884142117759273,32.2216443929312,73.945889311879,H2S+BENZENE,Li-ion rupture + plastic insulation melting
14.597718688725692,8.640899543659144,33.627811697191774,0.005701367676938929,2.2028625490925595,32.366579038196086,74.97091236959633,H2S+BENZENE,Li-ion rupture + plastic insulation melting
14.465988503728301,8.639117865615955,31.590660991686107,0.005977336406356576,2.118565344366244,32.349024602285354,75.06922727117231,H2S+BENZENE,Li-ion rupture + plastic insulation melting
14.962695274493123,8.04395667665092,32.806525242585806,0.005813332664338965,2.1432314819733986,32.87702811386995,73.98971921938445,H2S+BENZENE,Li-ion rupture + plastic insulation melting
14.297462214768192,7.901273974224019,30.692057482737145,0.006256822096275235,2.184695939475311,32.79876116660663,74.41854648364318,H2S+BENZENE,Li-ion rupture + plastic insulation melting
14.28994067425544,8.49401847389632,30.515412798825555,0.006375116455875258,2.0633754884488953,32.46962122300462,75.00574446633993,H2S+BENZENE,Li-ion rupture + plastic insulation melting
14.678706161018177,8.058004718813164,33.17842291625119,0.005979562964339841,2.0539283274611564,32.576916238115246,73.80351492027927,H2S+BENZENE,Li-ion rupture + plastic insulation melting
14.118012092952362,7.750158647090544,32.93922947673519,0.006090494500774406,2.0198563743122815,32.51997699690252,74.1559740257382,H2S+BENZENE,Li-ion rupture + plastic insulation melting
14.528044329195126,8.956911696357274,30.33049554016872,0.00595220876653112,2.256722550674888,32.654501315376244,73.65577109087616,H2S+BENZENE,Li-ion rupture + plastic insulation melting
14.539656310671976,8.710358545690621,30.77161255800464,0.0056667006825373584,2.014665307750949,32.83525659247495,73.80869207282535,H2S+BENZENE,Li-ion rupture + plastic insulation melting
15.044088998340218,8.596367842947297,31.359166696856533,0.005632020710524297,2.0328505769695915,32.49960636097394,75.18276175898478,H2S+BENZENE,Li-ion rupture + plastic insulation melting
14.196661322183608,8.47783417659559,31.337089118281106,0.0059862132520302255,2.0574926291175895,32.67316316465019,73.95020468910789,H2S+BENZENE,Li-ion rupture + plastic insulation melting
14.098491406705334,8.19385195844216,31.29877660658044,0.005821525937341109,2.054045534187403,33.18593350403624,75.07896762510279,H2S+BENZENE,Li-ion rupture + plastic insulation melting
14.35109462952849,8.254088487808732,32.57084063446762,0.006102425315974262,2.151884353925979,32.427501489927025,74.76089331740609,H2S+BENZENE,Li-ion rupture + plastic insulation melting
13.889310922986262,8.489413658690893,32.90587113482619,0.006354671315020208,2.1104641618696047,32.72073056511499,74.95560359971229,H2S+BENZENE,Li-ion rupture + plastic insulation melting
14.915808686499627,8.207794199962997,31.024419162364545,0.006109158827926761,2.16194542494385,32.60358234576721,74.22087018221319,H2S+BENZENE,Li-ion rupture + plastic insulation melting
14.478509473688813,8.02432172334725,32.45716168483492,0.005977998433631989,2.0911827310563544,32.7136908260191,74.922377005269,H2S+BENZENE,Li-ion rupture + plastic insulation melting
13.86567006040088,8.296516253866649,31.843968961475944,0.006003960221712347,2.283041397295173,32.825975942532736,75.17706317770156,H2S+BENZENE,Li-ion rupture + plastic insulation melting
13.907173985319568,8.165670964119656,30.75728964538034,0.005307805491565265,2.115221075292066,32.7520749449338,74.06724491411666,H2S+BENZENE,Li-ion rupture + plastic insulation melting
13.778233241385163,8.101870018646501,31.838986464402183,0.006101462647892604,2.129793750242408,32.81426947267822,74.32422053220449,H2S+BENZENE,Li-ion rupture + plastic insulation melting
14.677324216247804,8.141354275460145,28.297033715412745,0.005772152290466442,2.1927973791385384,32.17737596949186,74.2993777593352,H2S+BENZENE,Li-ion rupture + plastic insulation melting
14.269545480314271,8.569439004552061,33.5235149049062,0.005974732940933132,2.0956757635681136,32.60154166186316,74.25376205102216,H2S+BENZENE,Li-ion rupture + plastic insulation melting
14.372495251399316,8.373468653226013,30.81280115956567,0.006236666051578178,2.0731490127958643,32.686988402242044,73.57211873024649,H2S+BENZENE,Li-ion rupture + plastic insulation melting
13.461317108954594,8.233265151801922,33.1888987189745,0.005914734117311181,2.202583311405357,32.27625154733162,75.38813564781407,H2S+BENZENE,Li-ion rupture + plastic insulation melting
14.461201254750856,8.347173738888733,30.714144347911287,0.006178738921654904,2.111063141317592,32.509982332979206,75.38992539152828,H2S+BENZENE,Li-ion rupture + plastic insulation melting
14.335281966493989,8.091070088212126,29.820103965458866,0.0060894131108132354,2.200623901956312,32.63438335889508,74.11258662462737,H2S+BENZENE,Li-ion rupture + plastic insulation melting
14.703187667491974,8.581363167361722,31.466479575051647,0.005889361080966681,2.1502810961285794,32.572471289950016,74.35381327392457,H2S+BENZENE,Li-ion rupture + plastic insulation melting
13.959790213103982,8.389925173646239,30.23821310057055,0.006434204619017416,2.041152944570949,32.98461577756242,73.60704794847331,H2S+BENZENE,Li-ion rupture + plastic insulation melting
14.423370283566904,8.649402827645218,29.602359404213598,0.006138359092057257,2.2261878080001316,32.458473820781435,74.99536548064734,H2S+BENZENE,Li-ion rupture + plastic insulation melting
14.005350321218321,8.166659813844031,32.55049044934062,0.005635131975324889,2.268718421091002,32.66730112185974,74.52458366498709,H2S+BENZENE,Li-ion rupture + plastic insulation melting
14.48095781048327,8.136493907323697,31.938421371435457,0.0056676515239282976,2.047636346665612,32.88924069904358,74.10465550530357,H2S+BENZENE,Li-ion rupture + plastic insulation melting
14.33262920244418,8.565545548697708,31.494873049051222,0.00584792278636246,2.1693318323267996,32.542197734539634,74.50109398326114,H2S+BENZENE,Li-ion rupture + plastic insulation melting
14.209084960125766,8.498996643486844,30.77158484564446,0.006063673858816917,2.0664444836752764,32.54652203967101,73.99131618413226,H2S+BENZENE,Li-ion rupture + plastic insulation melting
13.997775237755675,8.49558524421878,31.787164127827516,0.0059971680320460765,2.1181711433048953,33.12433185892292,74.54048139787767,H2S+BENZENE,Li-ion rupture + plastic insulation melting
14.216730949249417,8.429232200661373,31.4090825778338,0.0063206313754279545,2.0344154152216816,32.63368120101755,74.13439476169064,H2S+BENZENE,Li-ion rupture + plastic insulation melting
14.191435637485949,8.658544372527032,32.48998759711184,0.006137494511712218,2.3180566053331555,32.830377616286626,74.41509445895616,H2S+BENZENE,Li-ion rupture + plastic insulation melting
13.853163877074287,8.383821577026058,31.924718606950464,0.0058554585253689905,2.2155385769690974,32.95757710409304,74.18166820421843,H2S+BENZENE,Li-ion rupture + plastic insulation melting
14.755204783189676,8.128269960195492,31.34430766481917,0.005952447763130101,2.2156417471627714,32.401343718282426,74.08578660224235,H2S+BENZENE,Li-ion rupture + plastic insulation melting
13.848435508944725,8.029978500370566,31.668962589524845,0.0062620308667045415,2.0297494900459183,32.22287070630382,74.41186869499164,H2S+BENZENE,Li-ion rupture + plastic insulation melting
14.098723466166948,7.707636092816248,31.520470829379153,0.006329954913101012,2.127713961912023,32.605190821871446,74.30269214156013,H2S+BENZENE,Li-ion rupture + plastic insulation melting
14.396110751371989,8.363181794885673,31.304282128404676,0.00560638955176283,2.1377591138669083,33.02415978021148,74.38884080669649,H2S+BENZENE,Li-ion rupture + plastic insulation melting
13.817576005105506,8.189528015223384,32.07318848594953,0.005556400656445816,2.1812495922997788,32.28369884841143,74.14746525520268,H2S+BENZENE,Li-ion rupture + plastic insulation melting
13.900925161245969,8.35200845906264,32.773120267676354,0.0059751132433771975,2.1505184489297378,32.61045867068115,74.27523073053499,H2S+BENZENE,Li-ion rupture + plastic insulation melting
13.690054122385314,8.060813266728555,31.58347754513899,0.005828923093376673,2.0524194279314516,32.50341704008286,73.15721238299133,H2S+BENZENE,Li-ion rupture + plastic insulation melting
13.724443079418473,8.404956929072618,31.1271641893756,0.0059513232566795506,2.0431766664422204,32.62057529353416,74.22568720022514,H2S+BENZENE,Li-ion rupture + plastic insulation melting
14.365380693654906,8.348380857735622,30.708413141854113,0.006322066787517031,2.0165999140492654,32.60150680371738,74.35952285146418,H2S+BENZENE,Li-ion rupture + plastic insulation melting
13.95076030151559,8.75534016328728,32.23419482955049,0.006170966859435574,2.0694976426040275,32.52625118745661,73.83854678911388,H2S+BENZENE,Li-ion rupture + plastic insulation melting
14.32920349697682,8.286350830916627,31.397965493594132,0.005773321344568235,2.0843134606925164,32.6368811275709,73.97514734072139,H2S+BENZENE,Li-ion rupture + plastic insulation melting
14.209918576486894,8.025436903304813,29.762148736365795,0.00601748872279295,2.1447003110246183,32.959536778616076,74.19050485886694,H2S+BENZENE,Li-ion rupture + plastic insulation melting
14.158929433641962,7.87624049710189,31.282863995476262,0.006033376245160648,1.992848811008679,32.6182706130977,74.59070877602068,H2S+BENZENE,Li-ion rupture + plastic insulation melting
14.218132340767696,7.961473233963171,31.212664260613224,0.006430842223869034,2.2137300334763776,33.00902189064715,74.25777879733893,H2S+BENZENE,Li-ion rupture + plastic insulation melting
14.136973359989106,7.8401081313085434,31.40821183914188,0.0058871939129003445,2.0213538123527797,32.83404322749861,74.48616264652472,H2S+BENZENE,Li-ion rupture + plastic insulation melting
22.50549917702405,44.01840437060866,35.42378235838252,0.00440266559860873,0.31304996084611847,28.72715361797116,67.34610712968292,AMMONIA+CO,NiCd battery decomposing + PCB combustion
22.670904280731886,44.9125933647387,36.22649306188586,0.004235100845409149,0.3066797298185623,28.61275743528636,66.93380458657847,AMMONIA+CO,NiCd battery decomposing + PCB combustion
21.301084995185846,45.40359842027934,36.12120725528783,0.00454190741354202,0.31996284767311034,28.708762618088606,67.21171168703304,AMMONIA+CO,NiCd battery decomposing + PCB combustion
22.71125407350298,45.270018175219626,34.83170835206848,0.0045018553222202495,0.3042484519279506,28.397759395221684,67.53538861271373,AMMONIA+CO,NiCd battery decomposing + PCB combustion
21.10461162484603,46.330647791873496,35.67028418349555,0.004426309012590031,0.3066792879923685,29.1856123248242,67.57119946634683,AMMONIA+CO,NiCd battery decomposing + PCB combustion
21.21125737312491,48.11929597778709,33.94504663651905,0.004320641241203182,0.2843917741061929,28.695938277109793,65.88223062502098,AMMONIA+CO,NiCd battery decomposing + PCB combustion
20.513480144821877,44.36586507004447,33.21651013630574,0.004348853912222626,0.29177619885700035,28.74712214393091,66.90587202430234,AMMONIA+CO,NiCd battery decomposing + PCB combustion
21.458022807289026,44.563439705662525,37.66962795207749,0.004579646439399189,0.2937844737003148,28.920027403024516,65.59282198326292,AMMONIA+CO,NiCd battery decomposing + PCB combustion
21.064012933691213,45.603677688962634,35.15025552717182,0.004205261074021836,0.30784391749542817,28.752125744654272,66.35657487640071,AMMONIA+CO,NiCd battery decomposing + PCB combustion
22.074954258063705,44.66150521227571,35.66039677040614,0.004699209363490399,0.2993106876728604,28.82570651406726,66.65215974642788,AMMONIA+CO,NiCd battery decomposing + PCB combustion
22.157465293250866,44.012298611461105,35.095600375363425,0.0045375952564770325,0.2866385171886387,28.41055068671951,66.57776313652252,AMMONIA+CO,NiCd battery decomposing + PCB combustion
21.205117593406904,48.26329785121658,34.84204467141044,0.004483303490771096,0.2958474529216482,28.729479375623363,66.87887211062016,AMMONIA+CO,NiCd battery decomposing + PCB combustion
21.301777462161308,46.56967628450398,34.510341771647504,0.004501398934223414,0.3007618573634345,28.563881539877254,66.73205501564925,AMMONIA+CO,NiCd battery decomposing + PCB combustion
22.23723392257139,47.58980940614083,35.43234323563644,0.004704251661836375,0.28450834493388105,29.10391609863202,66.29905531365347,AMMONIA+CO,NiCd battery decomposing + PCB combustion
21.88640279680414,45.90553473982967,34.977635346625945,0.004176268984377026,0.31282943452595846,28.584733193138195,67.77177855312411,AMMONIA+CO,NiCd battery decomposing + PCB combustion
21.978245896833947,47.071744505108995,36.70870098780471,0.004621043409716514,0.3152697545095836,28.662820655998097,66.68829818885754,AMMONIA+CO,NiCd battery decomposing + PCB combustion
22.268022208721987,45.45930775972879,35.864178899382864,0.00457811490151531,0.2949154139937572,28.789035369200928,66.31023829589626,AMMONIA+CO,NiCd battery decomposing + PCB combustion
22.214517751148982,45.31184191875571,35.647454282549,0.004622808219310127,0.29228181414784105,28.199760467787854,66.2986454378942,AMMONIA+CO,NiCd battery decomposing + PCB combustion
21.447665889727563,46.00621480457838,35.39930779172552,0.004303149005498325,0.2955054980446878,28.69034360193411,67.52727719673811,AMMONIA+CO,NiCd battery decomposing + PCB combustion
20.571769157187994,42.07054398658707,35.17636647606338,0.0045993568211199765,0.2896324757848445,28.40661200205379,67.39707672952672,AMMONIA+CO,NiCd battery decomposing + PCB combustion
19.828921159769358,44.29388640752636,34.47089928931133,0.004291020892350981,0.2968852816898709,28.66671914062617,65.89364273876694,AMMONIA+CO,NiCd battery decomposing + PCB combustion
22.396050379430108,45.82116257616123,37.766106020233806,0.004134140349661831,0.3083611741288299,28.577975594924382,65.71984290877738,AMMONIA+CO,NiCd battery decomposing + PCB combustion
21.017056375197,47.88368066167361,34.13272147684466,0.004773598958718943,0.29544153956146046,28.57599206700784,66.30691459911162,AMMONIA+CO,NiCd battery decomposing + PCB combustion
21.62675007442716,47.455079388702046,35.783235160850715,0.004327255974515764,0.29218905271033024,29.098165515238755,67.27295188545139,AMMONIA+CO,NiCd battery decomposing + PCB combustion
21.41002707211055,45.87564667185011,35.750278191827924,0.004393213428814923,0.29040888630096706,28.516467190545875,67.33878310670379,AMMONIA+CO,NiCd battery decomposing + PCB combustion
21.081576046623148,45.55869468637576,34.5253152556167,0.0046933190806419615,0.27103677729445574,28.79790945594891,66.76670036465224,AMMONIA+CO,NiCd battery decomposing + PCB combustion
21.324257838197223,43.56073448753675,35.21592566505986,0.00463811515928343,0.2987810022618641,28.679573026487894,66.84641958658858,AMMONIA+CO,NiCd battery decomposing + PCB combustion
20.45790801995257,44.67869704952061,35.5033429051461,0.00427016878639478,0.28899876658696644,28.816716636804124,65.16126300648506,AMMONIA+CO,NiCd battery decomposing + PCB combustion
21.657106351853862,45.77247339779607,35.28879982978114,0.004705246917535915,0.2821253561425744,28.802755157945697,67.12556910958673,AMMONIA+CO,NiCd battery decomposing + PCB combustion
21.8067504731575,46.58840447757944,37.12297380036371,0.004090131431909687,0.3110258115043629,28.26215895887812,66.74243448153682,AMMONIA+CO,NiCd battery decomposing + PCB combustion
20.87224993562731,44.36973028267516,37.379768922742066,0.004137135746426521,0.2962646187367566,28.666573135614897,65.74610888186108,AMMONIA+CO,NiCd battery decomposing + PCB combustion
21.294002631838655,46.26658396830725,36.24028663148281,0.004282459914956853,0.3250671111464286,28.750421661409348,66.71383156406864,AMMONIA+CO,NiCd battery decomposing + PCB combustion
22.105543422135376,42.240165876037516,34.6208519317477,0.004420952048029378,0.2851815061700229,28.729798409228085,67.0823412674133,AMMONIA+CO,NiCd battery decomposing + PCB combustion
22.063916547901673,46.54096503204518,35.35455630744971,0.0044372177890753695,0.290641651044535,28.530433788011905,65.98078908393478,AMMONIA+CO,NiCd battery decomposing + PCB combustion
21.84804198123463,45.404752177642784,36.94669774694742,0.004466657696670736,0.30127710886799963,28.935307230281946,66.59787572461812,AMMONIA+CO,NiCd battery decomposing + PCB combustion
20.27615069548127,45.2093891195962,34.10572767572946,0.0044548196258236365,0.29252619572666516,28.932448115059195,67.12943314083421,AMMONIA+CO,NiCd battery decomposing + PCB combustion
20.029437517529487,45.903130619626694,35.87883871998989,0.004249012888208672,0.3082358395586602,28.732797375712614,65.65657196722448,AMMONIA+CO,NiCd battery decomposing + PCB combustion
21.18264301845638,44.5105843625626,34.45511903222253,0.004514104596816287,0.3191931253406515,28.75377195590209,65.4813783814327,AMMONIA+CO,NiCd battery decomposing + PCB combustion
22.498421720434,47.56111205545355,37.3951862837465,0.004582664211089853,0.3026077937206747,28.392796904901928,65.3355480357925,AMMONIA+CO,NiCd battery decomposing + PCB combustion
22.352597720649594,47.06882903188075,35.942876740127524,0.004362307051817128,0.31054033552994675,28.7609788625712,67.63191326548272,AMMONIA+CO,NiCd battery decomposing + PCB combustion
21.133177920836708,47.10092086679856,34.90897876411583,0.004525244793063751,0.29186367456317625,28.346079270258954,66.5292448365702,AMMONIA+CO,NiCd battery decomposing + PCB combustion
21.016509772000315,43.64276206494132,35.058353257955396,0.004459949155538705,0.2873640212004821,28.555799904127632,66.27215036418845,AMMONIA+CO,NiCd battery decomposing + PCB combustion
21.2849034922506,45.10877345592471,34.6810427144506,0.004556823118091256,0.28803167786989187,28.472316751676452,66.9985586855154,AMMONIA+CO,NiCd battery decomposing + PCB combustion
21.50625682705227,46.31713892628438,37.067389022154345,0.004590322166994296,0.28190253023927914,28.90350321269178,66.23707694769175,AMMONIA+CO,NiCd battery decomposing + PCB combustion
21.414763024650156,46.24684699283082,35.65550957004983,0.0044553030670776445,0.29224362364748724,29.073611972732714,65.65890771385949,AMMONIA+CO,NiCd battery decomposing + PCB combustion
22.336537582474527,45.07158460827192,36.70006632870764,0.00414894575913232,0.31626425542805975,28.538638660698,66.22963097774834,AMMONIA+CO,NiCd battery decomposing + PCB combustion
21.745682929762093,46.859313530501225,36.34415770313942,0.004184305554871004,0.3104083097499276,28.56295086981352,67.17151333418592,AMMONIA+CO,NiCd battery decomposing + PCB combustion
22.513550390497,47.39558596344482,36.148665717318806,0.004254289603312687,0.29095349747270016,28.758945478583527,66.57550522567385,AMMONIA+CO,NiCd battery decomposing + PCB combustion
22.829001564055268,45.08060531932027,35.94936768068886,0.004710882417337389,0.3109312026239245,28.79529750658609,66.62741075103615,AMMONIA+CO,NiCd battery decomposing + PCB combustion
21.35725538420068,45.90196585504954,36.26280042457027,0.004546650045885778,0.2752772399129697,28.33435103065312,67.14330961247248,AMMONIA+CO,NiCd battery decomposing + PCB combustion
21.178989278855568,47.646630425856934,34.98454320226372,0.0042030771168832404,0.2988142119281755,28.951550411571855,66.67217441063286,AMMONIA+CO,NiCd battery decomposing + PCB combustion
21.73929531609886,44.95003732501268,36.57102183713409,0.004427562635184384,0.30000885212063566,28.042174871965198,66.90309796082715,AMMONIA+CO,NiCd battery decomposing + PCB combustion
22.971833888857773,45.23609733577433,35.21323242652113,0.004504902294247428,0.2939279218914591,28.959720597970676,66.73630793163831,AMMONIA+CO,NiCd battery decomposing + PCB combustion
21.69747976916602,46.641281085459255,35.93389386128956,0.004483956151045217,0.28616174980803577,29.069744321550914,65.73150468602917,AMMONIA+CO,NiCd battery decomposing + PCB combustion
21.442652950626428,44.3684495058776,36.69207850281613,0.004292976268356181,0.29037432279944575,28.4306754697647,66.97627252749882,AMMONIA+CO,NiCd battery decomposing + PCB combustion
22.67086304109067,45.96854571279192,36.46830607767593,0.004280315675699739,0.28611336539358323,28.727134364141218,67.06240118466107,AMMONIA+CO,NiCd battery decomposing + PCB combustion
22.32955611370631,46.332951620221834,37.120603758042996,0.004388406544208394,0.3081832060836776,28.94303545978103,66.8630178808967,AMMONIA+CO,NiCd battery decomposing + PCB combustion
19.706575212682914,46.07371841438661,36.51550284970982,0.00473187318138921,0.3013753592086477,28.506143055866918,66.50506153064526,AMMONIA+CO,NiCd battery decomposing + PCB combustion
22.066431019963296,46.58998092834057,36.110251616084014,0.004488283799923033,0.29858025902745744,28.87012938956286,65.83228352854253,AMMONIA+CO,NiCd battery decomposing + PCB combustion
21.532951583627213,44.774872004115885,34.96704325103233,0.004158220932670358,0.32155697594564403,28.571571501941328,66.80525194878449,AMMONIA+CO,NiCd battery decomposing + PCB combustion
12.081175011585735,7.097953239600815,41.30406219538829,0.004816336842509818,1.9866301723262512,32.40854894258874,74.22417545417653,AMMONIA+H2S,Mixed battery types decomposing together
11.899433092904896,6.711733407338773,40.2451941961566,0.0051935760201746155,2.03557880544704,31.704134715285093,74.86823446197648,AMMONIA+H2S,Mixed battery types decomposing together
11.722365687584164,6.859140416764806,39.823159364041196,0.004516118647524006,2.122786042551186,32.38928198332094,74.75139518942501,AMMONIA+H2S,Mixed battery types decomposing together
12.024486964807995,6.79877629594348,39.83183632305564,0.004699272442118964,2.0017921040347693,32.43841492977036,75.54320925055197,AMMONIA+H2S,Mixed battery types decomposing together
12.768135008569535,6.644799416259735,41.16826543316598,0.004761057666905008,2.126758203969753,32.362534150525384,74.20608986323477,AMMONIA+H2S,Mixed battery types decomposing together
12.542212934359835,6.798079369463586,40.98518656982826,0.004748772846441726,2.0562804150622607,32.382182894876394,74.56923957430242,AMMONIA+H2S,Mixed battery types decomposing together
13.116414037149701,6.997413008324969,37.99193970329455,0.004857393589427437,2.2381991847929914,32.49304123927631,73.63803079453481,AMMONIA+H2S,Mixed battery types decomposing together
12.2169495569504,6.820288851427196,39.8818821793966,0.004716116022833292,2.023301129167644,32.46533836383404,75.04843402151192,AMMONIA+H2S,Mixed battery types decomposing together
12.27186069426272,7.010824682770699,39.95079450232274,0.004588956512613002,2.091498979841586,32.44471998133254,74.39714453489884,AMMONIA+H2S,Mixed battery types decomposing together
12.225808608560794,6.96072592104273,40.67855832915734,0.004653811624805973,1.9774324376311554,32.104748090586476,74.65209513132871,AMMONIA+H2S,Mixed battery types decomposing together
12.165836375621254,6.6674301403651,39.13860236956188,0.004686239958934298,2.1736878469201666,32.58009493102408,74.6091138698144,AMMONIA+H2S,Mixed battery types decomposing together
12.164942280489765,6.945904547998719,41.839794018205126,0.004791650539337671,2.0441749334964445,32.45072072834225,75.75564363921848,AMMONIA+H2S,Mixed battery types decomposing together
12.196214170734264,6.791829142524945,41.84952478213765,0.004678242777871903,1.978883284181394,32.58209574795927,74.56216332240184,AMMONIA+H2S,Mixed battery types decomposing together
12.524883839461253,6.717617467572174,42.58741877114145,0.0049632063661352605,2.134042552069242,32.02507423308557,74.38542879857646,AMMONIA+H2S,Mixed battery types decomposing together
12.435952139418713,6.918863832080122,40.329213794379825,0.0047231659591037475,2.1491944611931793,31.988739470320457,75.04043138638065,AMMONIA+H2S,Mixed battery types decomposing together
12.840102006676677,6.861405708610034,38.944119016514904,0.004449674460603368,2.120951328632213,32.01038678416171,75.53593242486582,AMMONIA+H2S,Mixed battery types decomposing together
12.683557214283166,7.107912741636034,40.262169944617064,0.004712945238188685,2.0669229378744416,32.868274764374675,74.30743906627532,AMMONIA+H2S,Mixed battery types decomposing together
12.449123895236264,6.816234144916194,40.02150856751234,0.004655022337378195,2.041177451566585,32.44073607636618,75.35804469947328,AMMONIA+H2S,Mixed battery types decomposing together
12.500787568359815,6.7649665001375485,40.39644647305114,0.004709476780005462,1.929529868652964,33.0474856594876,74.69706843165702,AMMONIA+H2S,Mixed battery types decomposing together
12.26044637197018,6.842882183039034,42.24528746648772,0.00501869414767841,2.0058234895759317,32.77697587966486,75.29328018573028,AMMONIA+H2S,Mixed battery types decomposing together
12.560553853156275,6.668853330545363,40.202836118038945,0.004781055169848196,2.102784380936268,32.53172556707189,73.70417910910462,AMMONIA+H2S,Mixed battery types decomposing together
12.290827638954834,6.5575989654625015,41.01589503512271,0.0048614796572699175,2.0521581223072567,32.16831181267003,74.97334936258096,AMMONIA+H2S,Mixed battery types decomposing together
12.448517959238178,6.878671477667838,39.25535657053368,0.0047940660264128715,2.184750747620143,31.76579700692558,74.97048416584934,AMMONIA+H2S,Mixed battery types decomposing together
12.351952090978664,6.344821952097211,41.39235444054317,0.004846195536709234,2.1956689546019628,32.33939030183255,74.82178860575848,AMMONIA+H2S,Mixed battery types decomposing together
12.673690044329042,6.667759028860922,39.59063137243822,0.004672062680381414,2.081935154479227,32.18406154499184,74.98537390029269,AMMONIA+H2S,Mixed battery types decomposing together
12.228690538891476,7.057524523376483,40.50495692121163,0.004494258347727754,2.0349518985222423,32.31940707494172,75.70456659331401,AMMONIA+H2S,Mixed battery types decomposing together
12.739047655989674,6.748812140626496,40.18530449744183,0.004603851512643612,2.073912588970168,32.34995572419557,75.2016873106375,AMMONIA+H2S,Mixed battery types decomposing together
12.283134400134792,6.67597293340053,39.74404675420322,0.004910766295940082,2.1028268030686204,32.533807259382684,75.16102460240317,AMMONIA+H2S,Mixed battery types decomposing together
12.39801811037665,6.759860405447488,39.12347507336078,0.004767198003526545,2.0712459426652,32.99196382967452,74.92132130946587,AMMONIA+H2S,Mixed battery types decomposing together
12.161673403669871,6.872340095887882,39.8386641188991,0.004529059338352855,1.9334999100197363,31.964994783758037,74.62611781506924,AMMONIA+H2S,Mixed battery types decomposing together
12.525693573377088,6.5969561195754265,40.46508458779391,0.004743585850380991,2.075530041626782,31.931989725727277,74.53951979218789,AMMONIA+H2S,Mixed battery types decomposing together
11.897429069607917,6.760210294375447,41.7029370376122,0.005006919924745798,2.122417431638037,32.63322767638447,74.57505293142498,AMMONIA+H2S,Mixed battery types decomposing together
12.256823083987292,6.873523943464782,40.46613435657265,0.0046199195855187915,1.9776778572918625,32.62370612104042,75.03177499747014,AMMONIA+H2S,Mixed battery types decomposing together
12.526597073588574,6.914834126382225,43.81028984637136,0.0045611056040811525,2.0455236719109324,32.388921432892474,75.53161537829473,AMMONIA+H2S,Mixed battery types decomposing together
12.186030859358578,7.18948987860496,40.62440110410714,0.004792024749472965,1.9515383054616766,32.2076895608955,75.31110768466621,AMMONIA+H2S,Mixed battery types decomposing together
12.084251068365315,6.473410949797186,40.2102075013278,0.0047748461629391874,2.0029057434489825,32.058379489753804,74.70040773733419,AMMONIA+H2S,Mixed battery types decomposing together
13.128497716561878,6.4848981232346095,41.762460440233745,0.004681563186659689,2.1145070126509777,32.16668177323241,75.28682488796917,AMMONIA+H2S,Mixed battery types decomposing together
12.306285846786974,6.6507120699565,39.91189175114743,0.0047745086369581965,2.1463742360702214,32.63163988722669,75.77181843061163,AMMONIA+H2S,Mixed battery types decomposing together
12.104602211518216,6.614707696823368,41.86607159158812,0.004856116207474656,2.1107849506198524,32.369653792722005,75.40239348245166,AMMONIA+H2S,Mixed battery types decomposing together
12.434499395616424,6.560062931734858,39.52814520810939,0.004520398932621208,2.049721230348818,32.479457305714874,74.51706612112555,AMMONIA+H2S,Mixed battery types decomposing together
12.52745786270798,6.664671470043599,41.375624071650215,0.004739268821355773,2.051617068739122,32.29149843943626,74.78653464565281,AMMONIA+H2S,Mixed battery types decomposing together
12.309134607639908,6.4698075315101455,39.75935568904077,0.004666327167405648,2.1903591142755863,32.369341174334274,73.88748889775525,AMMONIA+H2S,Mixed battery types decomposing together
12.071297531263284,6.580082492780671,40.975566128414464,0.004616170541902987,2.0498410652258165,32.48826179688741,74.57856361584982,AMMONIA+H2S,Mixed battery types decomposing together
12.693920865642987,6.4580878451723045,40.035381486844585,0.004516539239232025,2.076607141929203,32.25808314853602,74.71905146551921,AMMONIA+H2S,Mixed battery types decomposing together
13.3391000029997,6.5224391818102045,41.11330696030586,0.00487330982762809,1.9503970627479759,31.907530375523386,73.96773379081051,AMMONIA+H2S,Mixed battery types decomposing together
12.373395169539851,6.564964215270324,40.58774895815853,0.004662498657075852,2.025746751723695,32.50665036680442,74.98263992356192,AMMONIA+H2S,Mixed battery types decomposing together
12.145438086313394,6.704907357239664,38.833100780839246,0.004809626429340924,2.114873470666181,32.424868315476246,74.20479108296135,AMMONIA+H2S,Mixed battery types decomposing together
12.394185649786891,6.7414569795514705,40.458801500983824,0.00458117488713403,1.9452334773768811,32.12234187397103,74.63505128341939,AMMONIA+H2S,Mixed battery types decomposing together
12.456303654564035,6.663289601252383,41.10112933919091,0.00462717781408307,2.0278638051912496,32.622176006744276,74.97918956621214,AMMONIA+H2S,Mixed battery types decomposing together
11.9319853419407,7.296193818933921,41.00053562105491,0.00457625943262709,2.0438665954818154,32.10817494032557,75.69655743201665,AMMONIA+H2S,Mixed battery types decomposing together
10.922322208900463,6.322843464469803,25.336335027040494,0.02254202851412118,0.2713381943124553,26.193544927396704,59.958546885971316,MERCURY+BENZENE,CRT monitor + plastic casing burning
10.960912296983938,6.493817391015663,25.108596921432888,0.02243969406710072,0.28098083167218285,26.350985455116103,60.61970393652605,MERCURY+BENZENE,CRT monitor + plastic casing burning
10.421711061355147,6.250513300132599,24.4182944486121,0.023260370938552488,0.28956750434874157,26.50400446335507,60.38571815646584,MERCURY+BENZENE,CRT monitor + plastic casing burning
10.840241390632956,6.194397961330095,25.742855203827727,0.02359907426627884,0.2739724385046033,26.164872288987937,59.46817458439405,MERCURY+BENZENE,CRT monitor + plastic casing burning
10.752774578959365,6.227489883361361,24.364054010274685,0.021903775342405087,0.2728955041798607,26.161554668278775,60.19318015211141,MERCURY+BENZENE,CRT monitor + plastic casing burning
10.921392992465716,6.021560901655568,26.160828633356026,0.02329725579859159,0.29114773569667296,26.602470516693863,59.83388350802399,MERCURY+BENZENE,CRT monitor + plastic casing burning
10.92474700904096,6.111327808777916,25.938615942356872,0.023199105020016722,0.25997474763035444,26.363730878422842,60.33425713781898,MERCURY+BENZENE,CRT monitor + plastic casing burning
11.043796580198569,6.58022953843782,25.644217598864977,0.02288044738415615,0.2637458145066373,26.304212169511178,59.898634045784135,MERCURY+BENZENE,CRT monitor + plastic casing burning
10.820400847171893,6.603795717832961,25.97160678595066,0.021647563916829853,0.27682848821013895,26.39662850083107,59.57630181069825,MERCURY+BENZENE,CRT monitor + plastic casing burning
10.88372213686635,6.227455802565852,23.543833730429405,0.024089925368950847,0.2709308998748711,26.231772688637875,60.14386328624118,MERCURY+BENZENE,CRT monitor + plastic casing burning
10.731778457111044,6.457582541132407,25.10605090198945,0.023700110975604698,0.29447748199847834,26.383535409449838,59.90843347887317,MERCURY+BENZENE,CRT monitor + plastic casing burning
10.308651154332818,5.887893646826696,25.535001526762386,0.02289535541167437,0.27656345961896334,26.266087105509698,60.41398015598799,MERCURY+BENZENE,CRT monitor + plastic casing burning
10.95190402717526,6.711603891100895,24.03737321202469,0.02345262429533781,0.2787123423461781,26.360044936889143,59.74199995501685,MERCURY+BENZENE,CRT monitor + plastic casing burning
10.765550398933854,6.420494532037759,25.259040737244167,0.021512376502129366,0.2841175099152657,26.270486536227068,60.046996377367016,MERCURY+BENZENE,CRT monitor + plastic casing burning
10.578831364262218,6.222929594847627,23.86136945197176,0.022462267795839857,0.28248538940006224,25.95326731235894,60.62144126836334,MERCURY+BENZENE,CRT monitor + plastic casing burning
11.535049014677808,6.379298593945771,24.540269501507375,0.02483432520044413,0.26712556877418103,26.121224643596236,60.15151339874191,MERCURY+BENZENE,CRT monitor + plastic casing burning
10.31109068335886,6.2169935411175326,24.223248667189456,0.022764512531328423,0.27560250981927015,26.177683282150504,59.822663847710174,MERCURY+BENZENE,CRT monitor + plastic casing burning
10.274962882500907,6.543844944191443,25.37929065570104,0.022560339821565707,0.29424170317226467,26.198424833498734,59.63535570566114,MERCURY+BENZENE,CRT monitor + plastic casing burning
10.443207797922328,6.277488384277412,26.800772405055422,0.02240340852624783,0.2719796369121589,26.163859825694843,59.727389640317206,MERCURY+BENZENE,CRT monitor + plastic casing burning
10.53378443639849,6.188882796852635,24.83741546464682,0.022911923156352768,0.28875020172169596,26.168574122645467,60.322984957231,MERCURY+BENZENE,CRT monitor + plastic casing burning
10.955729161261527,6.207562170517436,24.153121135425476,0.021736765905376272,0.25674555023503753,26.43835216835184,59.50348043535577,MERCURY+BENZENE,CRT monitor + plastic casing burning
10.975775973877747,6.035199470779185,23.80111831030267,0.02262147122855683,0.2706717164087771,26.388744621657885,60.07476754951214,MERCURY+BENZENE,CRT monitor + plastic casing burning
10.527466348583761,6.224680422087683,24.961659142502032,0.022735026058441948,0.2854352006961057,26.020332030106903,59.88937000426267,MERCURY+BENZENE,CRT monitor + plastic casing burning
10.940965172976297,6.244372010311452,22.65783110607979,0.02335218002997885,0.2767589244000622,26.373549697981982,59.745182271883536,MERCURY+BENZENE,CRT monitor + plastic casing burning
11.738873176158503,6.490139491602877,25.282874748666124,0.021976254874594394,0.27365251134691915,26.543315760535855,59.93697318143781,MERCURY+BENZENE,CRT monitor + plastic casing burning
11.043035600368057,6.2425232139793625,24.862075211132723,0.022222549590228274,0.2683126478843547,26.165592571550775,60.420319498249526,MERCURY+BENZENE,CRT monitor + plastic casing burning
10.752159083117913,5.949415909390877,25.87372632412253,0.02291148311682922,0.2725293583286593,26.12947571423462,60.620664431466075,MERCURY+BENZENE,CRT monitor + plastic casing burning
10.557825599380779,6.759960398862637,24.17367578809346,0.021793670469253235,0.26426557526696076,26.08597882290087,60.04706352577347,MERCURY+BENZENE,CRT monitor + plastic casing burning
10.761457732346887,6.427994982802474,26.124488316659622,0.021436323801688424,0.24950196992687196,26.127523414394794,59.812883089479044,MERCURY+BENZENE,CRT monitor + plastic casing burning
10.528294676551988,6.461508814907024,24.07402266238701,0.022290443028888034,0.2768652025640984,26.160163679229942,60.29051078288122,MERCURY+BENZENE,CRT monitor + plastic casing burning
10.33352787980003,6.061013754780943,24.83030993022285,0.0216798049299695,0.276555456724733,26.21679299537412,59.37594151940316,MERCURY+BENZENE,CRT monitor + plastic casing burning
10.224194201077136,6.388657539290575,25.941123537291894,0.023523853032506814,0.27232396143129295,26.313198358025033,58.95868407693207,MERCURY+BENZENE,CRT monitor + plastic casing burning
10.820535004168775,6.358525048108848,23.341366357869312,0.02289718058385769,0.2706070506086257,26.425131448850223,60.121195570755546,MERCURY+BENZENE,CRT monitor + plastic casing burning
11.048481596781414,6.15266362508522,24.128467985757275,0.022219832581860208,0.2565746731596499,26.454923601043447,60.484929405223866,MERCURY+BENZENE,CRT monitor + plastic casing burning
10.587573214144765,6.236140371075626,26.038105003802976,0.024443986888027867,0.2815120305466241,26.107007418554293,59.51862633448205,MERCURY+BENZENE,CRT monitor + plastic casing burning
11.040335328180326,6.237348927000591,26.996429515526017,0.023331503524167733,0.29817800851167425,26.318314972862098,59.542736728228945,MERCURY+BENZENE,CRT monitor + plastic casing burning
11.027756255682045,6.444090494470469,23.1094504648173,0.023856511147763777,0.2711800798404401,26.387038224532702,60.51865960003848,MERCURY+BENZENE,CRT monitor + plastic casing burning
10.732501648270215,6.2234404697540615,25.021194564121984,0.024157019924489775,0.28038840568181034,26.338412701979827,60.50580167615911,MERCURY+BENZENE,CRT monitor + plastic casing burning
10.415125532293573,6.171725075166136,24.581240692147233,0.022826433012029416,0.27543156599705365,26.10941730934645,60.510765046175244,MERCURY+BENZENE,CRT monitor + plastic casing burning
11.118307068780192,6.233216870162159,24.389797821612294,0.02258582460467209,0.27748301768132666,26.260976553913327,60.511906146063225,MERCURY+BENZENE,CRT monitor + plastic casing burning
